Run,Assay Type,AvgSpotLen,Bases,BioProject,BioSample,Bytes,Center Name,Consent,DATASTORE filetype,DATASTORE provider,DATASTORE region,Experiment,Instrument,Library Name,LibraryLayout,LibrarySelection,LibrarySource,Organism,Platform,ReleaseDate,Sample Name,SRA Study,create_date,version,BioSampleModel,Tissue,Age,sex,Isolate,Lat_Lon,Collection_Date,dev_stage,different_sample,Ecotype,collected_by,BIOMATERIAL_PROVIDER,BREED,geo_loc_name_country,geo_loc_name_country_continent,geo_loc_name,AssemblyName,Specimen_voucher,store_cond,Strain,actual_read_length (run),center_name (exp),COUNTRY,run (run),total_bases (run),Birth_date,Description,abs_air_humidity,air_temp,build_occup_type,building_setting,carb_dioxide,env_broad_scale,env_local_scale,env_medium,filter_type,heat_cool_type,indoor_space,isol_growth_condt,light_type,occup_samp,occupant_dens_samp,organism_count,rel_air_humidity,space_typ_state,typ_occupant_dens,ventilation_type
SRR11959305,WGA,300,52230899400,PRJNA530615,SAMN11566622,16909060408,PONTIFICIA UNIVERSIDAD CATOLICA DE CHILE,public,"sra,run.zq,fastq","s3,ncbi,gs","gs.US,s3.us-east-1,ncbi.public",SRX8503506,HiSeq X Ten,15,PAIRED,PCR,GENOMIC,Pygoscelis adeliae,ILLUMINA,2021-03-26T00:00:00Z,Adelie Penguin,SRP266496,2020-06-08T22:04:00Z,1,"MIGS.eu,MIGS/MIMS/MIMARKS.built",,,,G9,missing,missing,,,,,,,uncalculated,uncalculated,Antarctica: Lagotellerie,,,,,,,,,,,,missing,missing,missing,missing,missing,missing,missing,missing,missing,missing,missing,missing,missing,missing,missing,missing,missing,missing,missing,missing
SRR9164189,WGS,174,12288656457,PRJNA544154,SAMN11811921,4330681746,BEIJING NORMAL UNIVERSITY,public,"sra,run.zq,fastq","ncbi,s3,gs","ncbi.public,s3.us-east-1,gs.US",SRX5937035,Illumina HiSeq 2500,Fe_A4,PAIRED,PCR,GENOMIC,Pygoscelis adeliae,ILLUMINA,2020-05-26T00:00:00Z,Fe_A4,SRP199953,2019-05-30T21:58:00Z,1,Model organism or animal,muscle,juv.,male,Inexpressible Island,74.902156 S 163.731874 E,,missing,13,missing,Yanyun Zhang,,,,,,,,,,,,,,,,,,,,,,,,,,,,,,,,,,,,
SRR9164190,WGS,210,17073470850,PRJNA544154,SAMN11811922,7408257908,BEIJING NORMAL UNIVERSITY,public,"fastq,sra,run.zq","gs,s3,ncbi","ncbi.public,gs.US,s3.us-east-1",SRX5937034,Illumina HiSeq 2500,Fe_A5,PAIRED,PCR,GENOMIC,Pygoscelis adeliae,ILLUMINA,2020-05-26T00:00:00Z,Fe_A5,SRP199953,2019-06-03T21:51:00Z,1,Model organism or animal,muscle,juv.,female,Inexpressible Island,74.901996 S 163.731828 E,,missing,14,missing,Yanyun Zhang,,,,,,,,,,,,,,,,,,,,,,,,,,,,,,,,,,,,
SRR9164191,WGS,300,22979133000,PRJNA544154,SAMN11811919,7795137826,BEIJING NORMAL UNIVERSITY,public,"sra,fastq,run.zq","s3,gs,ncbi","s3.us-east-1,ncbi.public,gs.US",SRX5937033,Illumina HiSeq 2500,AN013,PAIRED,PCR,GENOMIC,Pygoscelis adeliae,ILLUMINA,2020-05-26T00:00:00Z,AN013,SRP199953,2019-05-30T23:31:00Z,1,Model organism or animal,blood,adu.,male,Inexpressible Island,74.901805 S 163.719877 E,,missing,11,missing,Yanyun Zhang,,,,,,,,,,,,,,,,,,,,,,,,,,,,,,,,,,,,
SRR9164192,WGS,177,13027628100,PRJNA544154,SAMN11811920,5922685006,BEIJING NORMAL UNIVERSITY,public,"sra,fastq,run.zq","gs,ncbi,s3","gs.US,ncbi.public,s3.us-east-1",SRX5937032,Illumina HiSeq 2500,Fe_A1,PAIRED,PCR,GENOMIC,Pygoscelis adeliae,ILLUMINA,2020-05-26T00:00:00Z,Fe_A1,SRP199953,2019-06-03T19:54:00Z,1,Model organism or animal,muscle,juv.,male,Inexpressible Island,74.903453 S 163.731852 E,,missing,12,missing,Yanyun Zhang,,,,,,,,,,,,,,,,,,,,,,,,,,,,,,,,,,,,
SRR9164193,WGS,166,11827226100,PRJNA544154,SAMN11811925,5243248642,BEIJING NORMAL UNIVERSITY,public,"fastq,sra,run.zq","ncbi,gs,s3","gs.US,s3.us-east-1,ncbi.public",SRX5937031,Illumina HiSeq 2500,Fe_13,PAIRED,PCR,GENOMIC,Pygoscelis adeliae,ILLUMINA,2020-05-26T00:00:00Z,Fe_13,SRP199953,2019-06-03T19:46:00Z,1,Model organism or animal,muscle,juv.,female,Inexpressible Island,74.89987 S 163.733882 E,,missing,17,missing,Yanyun Zhang,,,,,,,,,,,,,,,,,,,,,,,,,,,,,,,,,,,,
SRR9164194,WGS,179,13206381150,PRJNA544154,SAMN11811926,4503364407,BEIJING NORMAL UNIVERSITY,public,"fastq,run.zq,sra","gs,ncbi,s3","ncbi.public,s3.us-east-1,gs.US",SRX5937030,Illumina HiSeq 2500,Fe_17,PAIRED,PCR,GENOMIC,Pygoscelis adeliae,ILLUMINA,2020-05-26T00:00:00Z,Fe_17,SRP199953,2019-05-30T22:14:00Z,1,Model organism or animal,muscle,juv.,male,Inexpressible Island,74.898477 S 163.732546 E,,missing,18,missing,Yanyun Zhang,,,,,,,,,,,,,,,,,,,,,,,,,,,,,,,,,,,,
SRR9164195,WGS,300,21249156600,PRJNA544154,SAMN11811923,7275189976,BEIJING NORMAL UNIVERSITY,public,"sra,run.zq,fastq","gs,ncbi,s3","ncbi.public,s3.us-east-1,gs.US",SRX5937029,Illumina HiSeq 2500,Fe_A7,PAIRED,PCR,GENOMIC,Pygoscelis adeliae,ILLUMINA,2020-05-26T00:00:00Z,Fe_A7,SRP199953,2019-05-30T22:10:00Z,1,Model organism or animal,muscle,juv.,male,Inexpressible Island,74.902026 S 163.731793 E,,missing,15,missing,Yanyun Zhang,,,,,,,,,,,,,,,,,,,,,,,,,,,,,,,,,,,,
SRR9164196,WGS,300,23382342000,PRJNA544154,SAMN11811924,7776557210,BEIJING NORMAL UNIVERSITY,public,"run.zq,fastq,sra","s3,gs,ncbi","ncbi.public,gs.US,s3.us-east-1",SRX5937028,Illumina HiSeq 2500,Fe_A9,PAIRED,PCR,GENOMIC,Pygoscelis adeliae,ILLUMINA,2020-05-26T00:00:00Z,Fe_A9,SRP199953,2019-05-30T23:00:00Z,1,Model organism or animal,muscle,juv.,female,Inexpressible Island,74.900072 S 163.732898 E,,missing,16,missing,Yanyun Zhang,,,,,,,,,,,,,,,,,,,,,,,,,,,,,,,,,,,,
SRR9164197,WGS,299,19513183777,PRJNA544154,SAMN11811965,6712507862,BEIJING NORMAL UNIVERSITY,public,"sra,fastq,run.zq","gs,ncbi,s3","ncbi.public,gs.US,s3.us-east-1",SRX5937027,Illumina HiSeq 2500,81,PAIRED,PCR,GENOMIC,Pygoscelis adeliae,ILLUMINA,2020-05-26T00:00:00Z,81,SRP199953,2019-05-30T22:08:00Z,1,Model organism or animal,muscle,juv.,male,Inexpressible Island,74.909946 S 163.714002 E,,missing,57,missing,Yanyun Zhang,,,,,,,,,,,,,,,,,,,,,,,,,,,,,,,,,,,,
SRR9164198,WGS,300,22802232000,PRJNA544154,SAMN11811966,7649003701,BEIJING NORMAL UNIVERSITY,public,"fastq,run.zq,sra","s3,ncbi,gs","gs.US,s3.us-east-1,ncbi.public",SRX5937026,Illumina HiSeq 2500,82,PAIRED,PCR,GENOMIC,Pygoscelis adeliae,ILLUMINA,2020-05-26T00:00:00Z,82,SRP199953,2019-05-30T23:00:00Z,1,Model organism or animal,muscle,juv.,female,Inexpressible Island,74.90213 S 163.718866 E,,missing,58,missing,Yanyun Zhang,,,,,,,,,,,,,,,,,,,,,,,,,,,,,,,,,,,,
SRR9164199,WGS,154,10196342850,PRJNA544154,SAMN11811927,4604661163,BEIJING NORMAL UNIVERSITY,public,"sra,run.zq,fastq","s3,ncbi,gs","s3.us-east-1,ncbi.public,gs.US",SRX5937025,Illumina HiSeq 2500,Fe_21,PAIRED,PCR,GENOMIC,Pygoscelis adeliae,ILLUMINA,2020-05-26T00:00:00Z,Fe_21,SRP199953,2019-06-03T18:44:00Z,1,Model organism or animal,muscle,juv.,male,Inexpressible Island,74.897399 S 163.728592 E,,missing,19,missing,Yanyun Zhang,,,,,,,,,,,,,,,,,,,,,,,,,,,,,,,,,,,,
SRR9164200,WGS,211,16258161150,PRJNA544154,SAMN11811928,5733978792,BEIJING NORMAL UNIVERSITY,public,"sra,run.zq,fastq","ncbi,gs,s3","s3.us-east-1,gs.US,ncbi.public",SRX5937024,Illumina HiSeq 2500,Fe_22,PAIRED,PCR,GENOMIC,Pygoscelis adeliae,ILLUMINA,2020-05-26T00:00:00Z,Fe_22,SRP199953,2019-05-30T22:03:00Z,1,Model organism or animal,muscle,juv.,female,Inexpressible Island,74.897377 S 163.72874 E,,missing,20,missing,Yanyun Zhang,,,,,,,,,,,,,,,,,,,,,,,,,,,,,,,,,,,,
SRR9164201,WGS,300,22415997000,PRJNA544154,SAMN11811947,7592148081,BEIJING NORMAL UNIVERSITY,public,"sra,run.zq,fastq","ncbi,gs,s3","gs.US,ncbi.public,s3.us-east-1",SRX5937023,Illumina HiSeq 2500,36,PAIRED,PCR,GENOMIC,Pygoscelis adeliae,ILLUMINA,2020-05-26T00:00:00Z,36,SRP199953,2019-05-30T23:33:00Z,1,Model organism or animal,muscle,juv.,female,Inexpressible Island,74.897369 S 163.728888 E,,missing,39,missing,Yanyun Zhang,,,,,,,,,,,,,,,,,,,,,,,,,,,,,,,,,,,,
SRR9164202,WGS,228,16727305950,PRJNA544154,SAMN11811948,7173267209,BEIJING NORMAL UNIVERSITY,public,"run.zq,sra,fastq","ncbi,gs,s3","gs.US,ncbi.public,s3.us-east-1",SRX5937022,Illumina HiSeq 2500,37,PAIRED,PCR,GENOMIC,Pygoscelis adeliae,ILLUMINA,2020-05-26T00:00:00Z,37,SRP199953,2019-06-03T20:29:00Z,1,Model organism or animal,muscle,juv.,female,Inexpressible Island,74.897016 S 163.726166 E,,missing,40,missing,Yanyun Zhang,,,,,,,,,,,,,,,,,,,,,,,,,,,,,,,,,,,,
SRR9164203,WGS,169,15172632600,PRJNA544154,SAMN11811959,5158311427,BEIJING NORMAL UNIVERSITY,public,"run.zq,fastq,sra","gs,ncbi,s3","ncbi.public,s3.us-east-1,gs.US",SRX5937021,Illumina HiSeq 2500,51,PAIRED,PCR,GENOMIC,Pygoscelis adeliae,ILLUMINA,2020-05-26T00:00:00Z,51,SRP199953,2019-05-30T22:12:00Z,1,Model organism or animal,muscle,juv.,male,Inexpressible Island,74.911073 S 163.725177 E,,missing,51,missing,Yanyun Zhang,,,,,,,,,,,,,,,,,,,,,,,,,,,,,,,,,,,,
SRR9164204,WGS,300,28181450700,PRJNA544154,SAMN11811960,9385425440,BEIJING NORMAL UNIVERSITY,public,"sra,fastq,run.zq","s3,ncbi,gs","gs.US,ncbi.public,s3.us-east-1",SRX5937020,Illumina HiSeq 2500,52,PAIRED,PCR,GENOMIC,Pygoscelis adeliae,ILLUMINA,2020-05-26T00:00:00Z,52,SRP199953,2019-05-30T23:08:00Z,1,Model organism or animal,muscle,juv.,female,Inexpressible Island,74.911073 S 163.725177 E,,missing,52,missing,Yanyun Zhang,,,,,,,,,,,,,,,,,,,,,,,,,,,,,,,,,,,,
SRR9164205,WGS,300,23693658900,PRJNA544154,SAMN11811945,7860767538,BEIJING NORMAL UNIVERSITY,public,"run.zq,sra,fastq","gs,s3,ncbi","ncbi.public,s3.us-east-1,gs.US",SRX5937019,Illumina HiSeq 2500,28,PAIRED,PCR,GENOMIC,Pygoscelis adeliae,ILLUMINA,2020-05-26T00:00:00Z,28,SRP199953,2019-05-30T23:00:00Z,1,Model organism or animal,muscle,juv.,female,Inexpressible Island,74.901626 S 163.725074 E,,missing,37,missing,Yanyun Zhang,,,,,,,,,,,,,,,,,,,,,,,,,,,,,,,,,,,,
SRR9164206,WGS,173,11201898150,PRJNA544154,SAMN11811980,5219366066,BEIJING NORMAL UNIVERSITY,public,"run.zq,sra,fastq","gs,s3,ncbi","s3.us-east-1,gs.US,ncbi.public",SRX5937018,Illumina HiSeq 2500,Fe_49,PAIRED,PCR,GENOMIC,Pygoscelis adeliae,ILLUMINA,2020-05-26T00:00:00Z,Fe_49,SRP199953,2019-06-03T19:55:00Z,1,Model organism or animal,muscle,juv.,male,Inexpressible Island,74.899171 S 163.732351 E,,missing,72,missing,,,,,,,,,,,,,,,,,,,,,,,,,,,,,,,,,,,,,
SRR9164207,WGS,300,21592707000,PRJNA544154,SAMN11811964,7564767440,BEIJING NORMAL UNIVERSITY,public,"fastq,run.zq,sra","s3,ncbi,gs","ncbi.public,s3.us-east-1,gs.US",SRX5937017,Illumina HiSeq 2500,80,PAIRED,PCR,GENOMIC,Pygoscelis adeliae,ILLUMINA,2020-05-26T00:00:00Z,80,SRP199953,2019-05-30T22:15:00Z,1,Model organism or animal,muscle,juv.,female,Inexpressible Island,74.909946 S 163.714002 E,,missing,56,missing,Yanyun Zhang,,,,,,,,,,,,,,,,,,,,,,,,,,,,,,,,,,,,
SRR9164208,WGS,300,24610616100,PRJNA544154,SAMN11811946,8507369563,BEIJING NORMAL UNIVERSITY,public,"fastq,run.zq,sra","ncbi,s3,gs","ncbi.public,gs.US,s3.us-east-1",SRX5937016,Illumina HiSeq 2500,32,PAIRED,PCR,GENOMIC,Pygoscelis adeliae,ILLUMINA,2020-05-26T00:00:00Z,32,SRP199953,2019-05-30T23:55:00Z,1,Model organism or animal,muscle,juv.,male,Inexpressible Island,74.899918 S 163.724753 E,,missing,38,missing,Yanyun Zhang,,,,,,,,,,,,,,,,,,,,,,,,,,,,,,,,,,,,
SRR9164209,WGS,171,11285632871,PRJNA544154,SAMN11811962,4067200715,BEIJING NORMAL UNIVERSITY,public,"sra,run.zq,fastq","s3,gs,ncbi","s3.us-east-1,ncbi.public,gs.US",SRX5937015,Illumina HiSeq 2500,56,PAIRED,PCR,GENOMIC,Pygoscelis adeliae,ILLUMINA,2020-05-26T00:00:00Z,56,SRP199953,2019-05-30T22:04:00Z,1,Model organism or animal,muscle,juv.,female,Inexpressible Island,74.911073 S 163.725177 E,,missing,54,missing,Yanyun Zhang,,,,,,,,,,,,,,,,,,,,,,,,,,,,,,,,,,,,
SRR9164210,WGS,170,12596931079,PRJNA544154,SAMN11811939,4399123035,BEIJING NORMAL UNIVERSITY,public,"run.zq,sra,fastq","gs,s3,ncbi","s3.us-east-1,gs.US,ncbi.public",SRX5937014,Illumina HiSeq 2500,022,PAIRED,PCR,GENOMIC,Pygoscelis adeliae,ILLUMINA,2020-05-26T00:00:00Z,022,SRP199953,2019-05-30T22:04:00Z,1,Model organism or animal,muscle,juv.,female,Inexpressible Island,74.901837 S 163.72043 E,,missing,31,missing,Yanyun Zhang,,,,,,,,,,,,,,,,,,,,,,,,,,,,,,,,,,,,
SRR9164211,WGS,299,21525090715,PRJNA544154,SAMN11811940,7175922049,BEIJING NORMAL UNIVERSITY,public,"run.zq,sra,fastq","ncbi,s3,gs","gs.US,s3.us-east-1,ncbi.public",SRX5937013,Illumina HiSeq 2500,023,PAIRED,PCR,GENOMIC,Pygoscelis adeliae,ILLUMINA,2020-05-26T00:00:00Z,023,SRP199953,2019-05-30T22:24:00Z,1,Model organism or animal,muscle,juv.,female,Inexpressible Island,74.901483 S 163.721291 E,,missing,32,missing,Yanyun Zhang,,,,,,,,,,,,,,,,,,,,,,,,,,,,,,,,,,,,
SRR9164212,WGS,300,23053110300,PRJNA544154,SAMN11811941,7674257842,BEIJING NORMAL UNIVERSITY,public,"fastq,sra,run.zq","s3,gs,ncbi","s3.us-east-1,ncbi.public,gs.US",SRX5937012,Illumina HiSeq 2500,024,PAIRED,PCR,GENOMIC,Pygoscelis adeliae,ILLUMINA,2020-05-26T00:00:00Z,024,SRP199953,2019-05-30T22:57:00Z,1,Model organism or animal,muscle,juv.,male,Inexpressible Island,74.901483 S 163.721291 E,,missing,33,missing,Yanyun Zhang,,,,,,,,,,,,,,,,,,,,,,,,,,,,,,,,,,,,
SRR9164213,WGS,169,12762121016,PRJNA544154,SAMN11811942,5716088537,BEIJING NORMAL UNIVERSITY,public,"sra,run.zq,fastq","ncbi,gs,s3","s3.us-east-1,gs.US,ncbi.public",SRX5937011,Illumina HiSeq 2500,025,PAIRED,PCR,GENOMIC,Pygoscelis adeliae,ILLUMINA,2020-05-26T00:00:00Z,025,SRP199953,2019-06-03T19:22:00Z,1,Model organism or animal,muscle,juv.,male,Inexpressible Island,74.901881 S 163.723495 E,,missing,34,missing,Yanyun Zhang,,,,,,,,,,,,,,,,,,,,,,,,,,,,,,,,,,,,
SRR9164214,WGS,161,16151432400,PRJNA544154,SAMN11811963,7076787569,BEIJING NORMAL UNIVERSITY,public,"fastq,sra,run.zq","ncbi,s3,gs","ncbi.public,s3.us-east-1,gs.US",SRX5937010,Illumina HiSeq 2500,57,PAIRED,PCR,GENOMIC,Pygoscelis adeliae,ILLUMINA,2020-05-26T00:00:00Z,57,SRP199953,2019-06-03T22:59:00Z,1,Model organism or animal,muscle,juv.,male,Inexpressible Island,74.911073 S 163.725177 E,,missing,55,missing,Yanyun Zhang,,,,,,,,,,,,,,,,,,,,,,,,,,,,,,,,,,,,
SRR9164215,WGS,241,19937463689,PRJNA544154,SAMN11811911,6340798437,BEIJING NORMAL UNIVERSITY,public,"run.zq,sra,fastq","s3,gs,ncbi","ncbi.public,gs.US,s3.us-east-1",SRX5937009,Illumina HiSeq 2500,AN004,PAIRED,PCR,GENOMIC,Pygoscelis adeliae,ILLUMINA,2020-05-26T00:00:00Z,AN004,SRP199953,2019-05-30T22:12:00Z,1,Model organism or animal,blood,adu.,male,Inexpressible Island,74.902368 S 163.718791 E,,missing,3,missing,Yanyun Zhang,,,,,,,,,,,,,,,,,,,,,,,,,,,,,,,,,,,,
SRR9164216,WGS,300,21085337400,PRJNA544154,SAMN11811912,7126293966,BEIJING NORMAL UNIVERSITY,public,"sra,run.zq,fastq","gs,s3,ncbi","ncbi.public,gs.US,s3.us-east-1",SRX5937008,Illumina HiSeq 2500,AN005,PAIRED,PCR,GENOMIC,Pygoscelis adeliae,ILLUMINA,2020-05-26T00:00:00Z,AN005,SRP199953,2019-05-30T23:04:00Z,1,Model organism or animal,blood,adu.,female,Inexpressible Island,74.902368 S 163.718791 E,,missing,4,missing,Yanyun Zhang,,,,,,,,,,,,,,,,,,,,,,,,,,,,,,,,,,,,
SRR9164217,WGS,177,12192337200,PRJNA544154,SAMN11811909,4046676734,BEIJING NORMAL UNIVERSITY,public,"run.zq,fastq,sra","gs,ncbi,s3","ncbi.public,s3.us-east-1,gs.US",SRX5937007,Illumina HiSeq 2500,AN001,PAIRED,PCR,GENOMIC,Pygoscelis adeliae,ILLUMINA,2020-05-26T00:00:00Z,AN001,SRP199953,2019-05-30T21:53:00Z,1,Model organism or animal,blood,adu.,male,Inexpressible Island,74.902368 S 163.718791 E,,missing,1,missing,Yanyun Zhang,,,,,,,,,,,,,,,,,,,,,,,,,,,,,,,,,,,,
SRR9164218,WGS,172,13346427450,PRJNA544154,SAMN11811910,4542218042,BEIJING NORMAL UNIVERSITY,public,"run.zq,fastq,sra","s3,gs,ncbi","ncbi.public,gs.US,s3.us-east-1",SRX5937006,Illumina HiSeq 2500,AN003,PAIRED,PCR,GENOMIC,Pygoscelis adeliae,ILLUMINA,2020-05-26T00:00:00Z,AN003,SRP199953,2019-05-30T22:06:00Z,1,Model organism or animal,blood,adu.,male,Inexpressible Island,74.902368 S 163.718791 E,,missing,2,missing,Yanyun Zhang,,,,,,,,,,,,,,,,,,,,,,,,,,,,,,,,,,,,
SRR9164219,WGS,174,13744011494,PRJNA544154,SAMN11811954,4807473180,BEIJING NORMAL UNIVERSITY,public,"sra,run.zq,fastq","gs,s3,ncbi","ncbi.public,gs.US,s3.us-east-1",SRX5937005,Illumina HiSeq 2500,45,PAIRED,PCR,GENOMIC,Pygoscelis adeliae,ILLUMINA,2020-05-26T00:00:00Z,45,SRP199953,2019-05-30T21:57:00Z,1,Model organism or animal,muscle,juv.,male,Inexpressible Island,74.897386 S 163.725138 E,,missing,46,missing,Yanyun Zhang,,,,,,,,,,,,,,,,,,,,,,,,,,,,,,,,,,,,
SRR9164220,WGS,175,12419302950,PRJNA544154,SAMN11811916,5562854124,BEIJING NORMAL UNIVERSITY,public,"run.zq,fastq,sra","ncbi,gs,s3","s3.us-east-1,ncbi.public,gs.US",SRX5937004,Illumina HiSeq 2500,AN010a,PAIRED,PCR,GENOMIC,Pygoscelis adeliae,ILLUMINA,2020-05-26T00:00:00Z,AN010a,SRP199953,2019-06-03T18:39:00Z,1,Model organism or animal,blood,adu.,male,Inexpressible Island,74.901805 S 163.719877 E,,missing,8,missing,Yanyun Zhang,,,,,,,,,,,,,,,,,,,,,,,,,,,,,,,,,,,,
SRR9164221,WGS,300,21947834700,PRJNA544154,SAMN11811913,7597703678,BEIJING NORMAL UNIVERSITY,public,"run.zq,sra,fastq","gs,ncbi,s3","ncbi.public,s3.us-east-1,gs.US",SRX5937003,Illumina HiSeq 2500,AN006,PAIRED,PCR,GENOMIC,Pygoscelis adeliae,ILLUMINA,2020-05-26T00:00:00Z,AN006,SRP199953,2019-05-30T23:33:00Z,1,Model organism or animal,blood,adu.,male,Inexpressible Island,74.902309 S 163.718973 E,,missing,5,missing,Yanyun Zhang,,,,,,,,,,,,,,,,,,,,,,,,,,,,,,,,,,,,
SRR9164222,WGS,300,21391830600,PRJNA544154,SAMN11811914,7416701961,BEIJING NORMAL UNIVERSITY,public,"sra,run.zq,fastq","gs,s3,ncbi","s3.us-east-1,gs.US,ncbi.public",SRX5937002,Illumina HiSeq 2500,AN007,PAIRED,PCR,GENOMIC,Pygoscelis adeliae,ILLUMINA,2020-05-26T00:00:00Z,AN007,SRP199953,2019-05-30T23:20:00Z,1,Model organism or animal,blood,adu.,female,Inexpressible Island,74.902309 S 163.718973 E,,missing,6,missing,Yanyun Zhang,,,,,,,,,,,,,,,,,,,,,,,,,,,,,,,,,,,,
SRR9164223,WGS,300,24011139300,PRJNA544154,SAMN11811943,8114423056,BEIJING NORMAL UNIVERSITY,public,"fastq,run.zq,sra","s3,ncbi,gs","ncbi.public,s3.us-east-1,gs.US",SRX5937001,Illumina HiSeq 2500,26,PAIRED,PCR,GENOMIC,Pygoscelis adeliae,ILLUMINA,2020-05-26T00:00:00Z,26,SRP199953,2019-05-30T23:11:00Z,1,Model organism or animal,muscle,juv.,female,Inexpressible Island,74.902052 S 163.725014 E,,missing,35,missing,Yanyun Zhang,,,,,,,,,,,,,,,,,,,,,,,,,,,,,,,,,,,,
SRR9164224,WGS,169,14932689636,PRJNA544154,SAMN11811953,6851925952,BEIJING NORMAL UNIVERSITY,public,"sra,fastq,run.zq","ncbi,gs,s3","ncbi.public,s3.us-east-1,gs.US",SRX5937000,Illumina HiSeq 2500,44,PAIRED,PCR,GENOMIC,Pygoscelis adeliae,ILLUMINA,2020-05-26T00:00:00Z,44,SRP199953,2019-06-03T18:02:00Z,1,Model organism or animal,muscle,juv.,female,Inexpressible Island,74.897386 S 163.725138 E,,missing,45,missing,Yanyun Zhang,,,,,,,,,,,,,,,,,,,,,,,,,,,,,,,,,,,,
SRR9164225,WGS,173,12296909545,PRJNA544154,SAMN11811918,4333375148,BEIJING NORMAL UNIVERSITY,public,"run.zq,fastq,sra","s3,gs,ncbi","ncbi.public,gs.US,s3.us-east-1",SRX5936999,Illumina HiSeq 2500,AN012a,PAIRED,PCR,GENOMIC,Pygoscelis adeliae,ILLUMINA,2020-05-26T00:00:00Z,AN012a,SRP199953,2019-05-30T22:10:00Z,1,Model organism or animal,blood,adu.,male,Inexpressible Island,74.901805 S 163.719877 E,,missing,10,missing,Yanyun Zhang,,,,,,,,,,,,,,,,,,,,,,,,,,,,,,,,,,,,
SRR9164226,WGS,300,21732701700,PRJNA544154,SAMN11811915,7469793355,BEIJING NORMAL UNIVERSITY,public,"fastq,sra,run.zq","ncbi,s3,gs","s3.us-east-1,gs.US,ncbi.public",SRX5936998,Illumina HiSeq 2500,AN009a,PAIRED,PCR,GENOMIC,Pygoscelis adeliae,ILLUMINA,2020-05-26T00:00:00Z,AN009a,SRP199953,2019-05-30T22:47:00Z,1,Model organism or animal,blood,adu.,male,Inexpressible Island,74.902309 S 163.718973 E,,missing,7,missing,Yanyun Zhang,,,,,,,,,,,,,,,,,,,,,,,,,,,,,,,,,,,,
SRR9164227,WGS,165,15240371129,PRJNA544154,SAMN11811956,6876209125,BEIJING NORMAL UNIVERSITY,public,"run.zq,sra,fastq","gs,ncbi,s3","s3.us-east-1,gs.US,ncbi.public",SRX5936997,Illumina HiSeq 2500,48,PAIRED,PCR,GENOMIC,Pygoscelis adeliae,ILLUMINA,2020-05-26T00:00:00Z,48,SRP199953,2019-06-03T21:02:00Z,1,Model organism or animal,muscle,juv.,male,Inexpressible Island,74.911073 S 163.725177 E,,missing,48,missing,Yanyun Zhang,,,,,,,,,,,,,,,,,,,,,,,,,,,,,,,,,,,,
SRR9164228,WGS,281,25691373316,PRJNA544154,SAMN11811938,8596894462,BEIJING NORMAL UNIVERSITY,public,"sra,run.zq,fastq","gs,s3,ncbi","gs.US,ncbi.public,s3.us-east-1",SRX5936996,Illumina HiSeq 2500,21,PAIRED,PCR,GENOMIC,Pygoscelis adeliae,ILLUMINA,2020-05-26T00:00:00Z,21,SRP199953,2019-05-30T22:36:00Z,1,Model organism or animal,muscle,juv.,male,Inexpressible Island,74.901836 S 163.720429 E,,missing,30,missing,Yanyun Zhang,,,,,,,,,,,,,,,,,,,,,,,,,,,,,,,,,,,,
SRR9164229,WGS,300,27658470300,PRJNA544154,SAMN11811937,9314152057,BEIJING NORMAL UNIVERSITY,public,"sra,fastq,run.zq","s3,ncbi,gs","s3.us-east-1,gs.US,ncbi.public",SRX5936995,Illumina HiSeq 2500,20,PAIRED,PCR,GENOMIC,Pygoscelis adeliae,ILLUMINA,2020-05-26T00:00:00Z,20,SRP199953,2019-05-30T22:21:00Z,1,Model organism or animal,muscle,juv.,female,Inexpressible Island,74.901778 S 163.721388 E,,missing,29,missing,Yanyun Zhang,,,,,,,,,,,,,,,,,,,,,,,,,,,,,,,,,,,,
SRR9164230,WGS,158,14437207800,PRJNA544154,SAMN11811958,6350300738,BEIJING NORMAL UNIVERSITY,public,"sra,run.zq,fastq","ncbi,gs,s3","ncbi.public,gs.US,s3.us-east-1",SRX5936994,Illumina HiSeq 2500,50,PAIRED,PCR,GENOMIC,Pygoscelis adeliae,ILLUMINA,2020-05-26T00:00:00Z,50,SRP199953,2019-06-03T20:50:00Z,1,Model organism or animal,muscle,juv.,female,Inexpressible Island,74.911073 S 163.725177 E,,missing,50,missing,Yanyun Zhang,,,,,,,,,,,,,,,,,,,,,,,,,,,,,,,,,,,,
SRR9164231,WGS,300,21261472800,PRJNA544154,SAMN11811957,7284965469,BEIJING NORMAL UNIVERSITY,public,"fastq,run.zq,sra","s3,gs,ncbi","gs.US,ncbi.public,s3.us-east-1",SRX5936993,Illumina HiSeq 2500,49,PAIRED,PCR,GENOMIC,Pygoscelis adeliae,ILLUMINA,2020-05-26T00:00:00Z,49,SRP199953,2019-05-30T22:03:00Z,1,Model organism or animal,muscle,juv.,female,Inexpressible Island,74.911073 S 163.725177 E,,missing,49,missing,Yanyun Zhang,,,,,,,,,,,,,,,,,,,,,,,,,,,,,,,,,,,,
SRR9164232,WGS,300,22561617600,PRJNA544154,SAMN11811955,7536843729,BEIJING NORMAL UNIVERSITY,public,"fastq,run.zq,sra","s3,ncbi,gs","ncbi.public,s3.us-east-1,gs.US",SRX5936992,Illumina HiSeq 2500,46,PAIRED,PCR,GENOMIC,Pygoscelis adeliae,ILLUMINA,2020-05-26T00:00:00Z,46,SRP199953,2019-05-30T23:03:00Z,1,Model organism or animal,muscle,juv.,female,Inexpressible Island,74.897675 S 163.725175 E,,missing,47,missing,Yanyun Zhang,,,,,,,,,,,,,,,,,,,,,,,,,,,,,,,,,,,,
SRR9164233,WGS,177,11408408400,PRJNA544154,SAMN11811932,5179930958,BEIJING NORMAL UNIVERSITY,public,"sra,fastq,run.zq","ncbi,gs,s3","gs.US,s3.us-east-1,ncbi.public",SRX5936991,Illumina HiSeq 2500,Fe_35,PAIRED,PCR,GENOMIC,Pygoscelis adeliae,ILLUMINA,2020-05-26T00:00:00Z,Fe_35,SRP199953,2019-06-03T18:57:00Z,1,Model organism or animal,muscle,juv.,female,Inexpressible Island,74.901646 S 163.72922 E,,missing,24,missing,Yanyun Zhang,,,,,,,,,,,,,,,,,,,,,,,,,,,,,,,,,,,,
SRR9164234,WGS,300,26087322900,PRJNA544154,SAMN11811931,8882709512,BEIJING NORMAL UNIVERSITY,public,"run.zq,fastq,sra","s3,ncbi,gs","gs.US,ncbi.public,s3.us-east-1",SRX5936990,Illumina HiSeq 2500,Fe_34,PAIRED,PCR,GENOMIC,Pygoscelis adeliae,ILLUMINA,2020-05-26T00:00:00Z,Fe_34,SRP199953,2019-05-30T23:40:00Z,1,Model organism or animal,muscle,juv.,female,Inexpressible Island,74.901769 S 163.729068 E,,missing,23,missing,Yanyun Zhang,,,,,,,,,,,,,,,,,,,,,,,,,,,,,,,,,,,,
SRR9164235,WGS,224,15894152400,PRJNA544154,SAMN11811930,6817184743,BEIJING NORMAL UNIVERSITY,public,"sra,fastq,run.zq","gs,s3,ncbi","gs.US,s3.us-east-1,ncbi.public",SRX5936989,Illumina HiSeq 2500,Fe_31,PAIRED,PCR,GENOMIC,Pygoscelis adeliae,ILLUMINA,2020-05-26T00:00:00Z,Fe_31,SRP199953,2019-06-03T20:21:00Z,1,Model organism or animal,muscle,juv.,male,Inexpressible Island,74.902634 S 163.729881 E,,missing,22,missing,Yanyun Zhang,,,,,,,,,,,,,,,,,,,,,,,,,,,,,,,,,,,,
SRR9164236,WGS,300,23336982900,PRJNA544154,SAMN11811929,8180789023,BEIJING NORMAL UNIVERSITY,public,"sra,run.zq,fastq","gs,ncbi,s3","ncbi.public,gs.US,s3.us-east-1",SRX5936988,Illumina HiSeq 2500,Fe_29,PAIRED,PCR,GENOMIC,Pygoscelis adeliae,ILLUMINA,2020-05-26T00:00:00Z,Fe_29,SRP199953,2019-05-30T23:34:00Z,1,Model organism or animal,muscle,juv.,female,Inexpressible Island,74.901876 S 163.730627 E,,missing,21,missing,Yanyun Zhang,,,,,,,,,,,,,,,,,,,,,,,,,,,,,,,,,,,,
SRR9164237,WGS,223,15296036550,PRJNA544154,SAMN11811936,5381039934,BEIJING NORMAL UNIVERSITY,public,"fastq,sra,run.zq","s3,ncbi,gs","gs.US,s3.us-east-1,ncbi.public",SRX5936987,Illumina HiSeq 2500,19,PAIRED,PCR,GENOMIC,Pygoscelis adeliae,ILLUMINA,2020-05-26T00:00:00Z,19,SRP199953,2019-05-30T22:21:00Z,1,Model organism or animal,muscle,juv.,male,Inexpressible Island,74.901777 S 163.721389 E,,missing,28,missing,Yanyun Zhang,,,,,,,,,,,,,,,,,,,,,,,,,,,,,,,,,,,,
SRR9164238,WGS,300,24593520900,PRJNA544154,SAMN11811935,8135412410,BEIJING NORMAL UNIVERSITY,public,"sra,fastq,run.zq","ncbi,gs,s3","ncbi.public,gs.US,s3.us-east-1",SRX5936986,Illumina HiSeq 2500,017,PAIRED,PCR,GENOMIC,Pygoscelis adeliae,ILLUMINA,2020-05-26T00:00:00Z,017,SRP199953,2019-05-30T23:10:00Z,1,Model organism or animal,muscle,juv.,male,Inexpressible Island,74.902118 S 163.72143 E,,missing,27,missing,Yanyun Zhang,,,,,,,,,,,,,,,,,,,,,,,,,,,,,,,,,,,,
SRR9164239,WGS,169,11310952249,PRJNA544154,SAMN11811934,5229628922,BEIJING NORMAL UNIVERSITY,public,"sra,fastq,run.zq","ncbi,s3,gs","s3.us-east-1,ncbi.public,gs.US",SRX5936985,Illumina HiSeq 2500,16,PAIRED,PCR,GENOMIC,Pygoscelis adeliae,ILLUMINA,2020-05-26T00:00:00Z,16,SRP199953,2019-06-03T18:51:00Z,1,Model organism or animal,muscle,juv.,female,Inexpressible Island,74.90981 S 163.714877 E,,missing,26,missing,Yanyun Zhang,,,,,,,,,,,,,,,,,,,,,,,,,,,,,,,,,,,,
SRR9164240,WGS,209,16470229350,PRJNA544154,SAMN11811933,5717449762,BEIJING NORMAL UNIVERSITY,public,"fastq,run.zq,sra","ncbi,s3,gs","gs.US,s3.us-east-1,ncbi.public",SRX5936984,Illumina HiSeq 2500,15,PAIRED,PCR,GENOMIC,Pygoscelis adeliae,ILLUMINA,2020-05-26T00:00:00Z,15,SRP199953,2019-05-30T22:28:00Z,1,Model organism or animal,muscle,juv.,female,Inexpressible Island,74.90981 S 163.714877 E,,missing,25,missing,Yanyun Zhang,,,,,,,,,,,,,,,,,,,,,,,,,,,,,,,,,,,,
SRR9164241,WGS,300,23539911000,PRJNA544154,SAMN11811976,8090374210,BEIJING NORMAL UNIVERSITY,public,"fastq,run.zq,sra","s3,ncbi,gs","ncbi.public,gs.US,s3.us-east-1",SRX5936983,Illumina HiSeq 2500,70,PAIRED,PCR,GENOMIC,Pygoscelis adeliae,ILLUMINA,2020-05-26T00:00:00Z,70,SRP199953,2019-05-30T23:28:00Z,1,Model organism or animal,muscle,juv.,female,Inexpressible Island,74.900829 S 163.725475 E,,missing,68,missing,Yanyun Zhang,,,,,,,,,,,,,,,,,,,,,,,,,,,,,,,,,,,,
SRR9164242,WGS,300,21845952000,PRJNA544154,SAMN11811975,7432696596,BEIJING NORMAL UNIVERSITY,public,"run.zq,fastq,sra","s3,ncbi,gs","s3.us-east-1,gs.US,ncbi.public",SRX5936982,Illumina HiSeq 2500,68,PAIRED,PCR,GENOMIC,Pygoscelis adeliae,ILLUMINA,2020-05-26T00:00:00Z,68,SRP199953,2019-05-30T22:55:00Z,1,Model organism or animal,muscle,juv.,female,Inexpressible Island,74.900829 S 163.725475 E,,missing,67,missing,Yanyun Zhang,,,,,,,,,,,,,,,,,,,,,,,,,,,,,,,,,,,,
SRR9164243,WGS,300,22395821100,PRJNA544154,SAMN11811949,7543556369,BEIJING NORMAL UNIVERSITY,public,"sra,run.zq,fastq","gs,s3,ncbi","gs.US,ncbi.public,s3.us-east-1",SRX5936981,Illumina HiSeq 2500,38,PAIRED,PCR,GENOMIC,Pygoscelis adeliae,ILLUMINA,2020-05-26T00:00:00Z,38,SRP199953,2019-05-30T22:54:00Z,1,Model organism or animal,muscle,juv.,female,Inexpressible Island,74.897016 S 163.726166 E,,missing,41,missing,Yanyun Zhang,,,,,,,,,,,,,,,,,,,,,,,,,,,,,,,,,,,,
SRR9164244,WGS,173,1417051903,PRJNA544154,SAMN11811973,631834531,BEIJING NORMAL UNIVERSITY,public,"sra,fastq,run.zq","s3,gs,ncbi","s3.us-east-1,gs.US,ncbi.public",SRX5936980,Illumina HiSeq 2500,64,PAIRED,PCR,GENOMIC,Pygoscelis adeliae,ILLUMINA,2020-05-26T00:00:00Z,64,SRP199953,2019-06-03T13:40:00Z,1,Model organism or animal,muscle,juv.,female,Inexpressible Island,74.902034 S 163.724977 E,,missing,65,missing,Yanyun Zhang,,,,,,,,,,,,,,,,,,,,,,,,,,,,,,,,,,,,
SRR9164245,WGS,300,22209179700,PRJNA544154,SAMN11811972,7480688568,BEIJING NORMAL UNIVERSITY,public,"run.zq,sra,fastq","ncbi,s3,gs","ncbi.public,s3.us-east-1,gs.US",SRX5936979,Illumina HiSeq 2500,63,PAIRED,PCR,GENOMIC,Pygoscelis adeliae,ILLUMINA,2020-05-26T00:00:00Z,63,SRP199953,2019-05-30T23:14:00Z,1,Model organism or animal,muscle,juv.,male,Inexpressible Island,74.902034 S 163.724977 E,,missing,64,missing,Yanyun Zhang,,,,,,,,,,,,,,,,,,,,,,,,,,,,,,,,,,,,
SRR9164246,WGS,300,25810530600,PRJNA544154,SAMN11811971,8662420256,BEIJING NORMAL UNIVERSITY,public,"fastq,sra,run.zq","s3,gs,ncbi","gs.US,ncbi.public,s3.us-east-1",SRX5936978,Illumina HiSeq 2500,60,PAIRED,PCR,GENOMIC,Pygoscelis adeliae,ILLUMINA,2020-05-26T00:00:00Z,60,SRP199953,2019-05-30T22:08:00Z,1,Model organism or animal,muscle,juv.,female,Inexpressible Island,74.901756 S 163.721379 E,,missing,63,missing,Yanyun Zhang,,,,,,,,,,,,,,,,,,,,,,,,,,,,,,,,,,,,
SRR9164247,WGS,300,26357374800,PRJNA544154,SAMN11811944,8750313963,BEIJING NORMAL UNIVERSITY,public,"fastq,run.zq,sra","gs,s3,ncbi","gs.US,ncbi.public,s3.us-east-1",SRX5936977,Illumina HiSeq 2500,27,PAIRED,PCR,GENOMIC,Pygoscelis adeliae,ILLUMINA,2020-05-26T00:00:00Z,27,SRP199953,2019-05-30T23:25:00Z,1,Model organism or animal,muscle,juv.,female,Inexpressible Island,74.901616 S 163.725092 E,,missing,36,missing,Yanyun Zhang,,,,,,,,,,,,,,,,,,,,,,,,,,,,,,,,,,,,
SRR9164248,WGS,300,24575024400,PRJNA544154,SAMN11811967,8257417846,BEIJING NORMAL UNIVERSITY,public,"run.zq,sra,fastq","gs,s3,ncbi","gs.US,ncbi.public,s3.us-east-1",SRX5936976,Illumina HiSeq 2500,79,PAIRED,PCR,GENOMIC,Pygoscelis adeliae,ILLUMINA,2020-05-26T00:00:00Z,79,SRP199953,2019-05-30T23:19:00Z,1,Model organism or animal,muscle,juv.,male,Inexpressible Island,74.902468 S 163.719293 E,,missing,59,missing,Yanyun Zhang,,,,,,,,,,,,,,,,,,,,,,,,,,,,,,,,,,,,
SRR9164249,WGS,152,10730904242,PRJNA544154,SAMN11811952,3539961768,BEIJING NORMAL UNIVERSITY,public,"sra,fastq,run.zq","s3,ncbi,gs","gs.US,s3.us-east-1,ncbi.public",SRX5936975,Illumina HiSeq 2500,43,PAIRED,PCR,GENOMIC,Pygoscelis adeliae,ILLUMINA,2020-05-26T00:00:00Z,43,SRP199953,2019-05-30T22:06:00Z,1,Model organism or animal,muscle,juv.,female,Inexpressible Island,74.897386 S 163.725138 E,,missing,44,missing,Yanyun Zhang,,,,,,,,,,,,,,,,,,,,,,,,,,,,,,,,,,,,
SRR9164250,WGS,165,14807748300,PRJNA544154,SAMN11811951,6848181656,BEIJING NORMAL UNIVERSITY,public,"run.zq,fastq,sra","s3,gs,ncbi","gs.US,s3.us-east-1,ncbi.public",SRX5936974,Illumina HiSeq 2500,40,PAIRED,PCR,GENOMIC,Pygoscelis adeliae,ILLUMINA,2020-05-26T00:00:00Z,40,SRP199953,2019-06-03T21:10:00Z,1,Model organism or animal,muscle,juv.,female,Inexpressible Island,74.897016 S 163.726166 E,,missing,43,missing,Yanyun Zhang,,,,,,,,,,,,,,,,,,,,,,,,,,,,,,,,,,,,
SRR9164251,WGS,300,21046425900,PRJNA544154,SAMN11811977,7194065321,BEIJING NORMAL UNIVERSITY,public,"sra,run.zq,fastq","gs,s3,ncbi","ncbi.public,gs.US,s3.us-east-1",SRX5936973,Illumina HiSeq 2500,71,PAIRED,PCR,GENOMIC,Pygoscelis adeliae,ILLUMINA,2020-05-26T00:00:00Z,71,SRP199953,2019-05-30T23:14:00Z,1,Model organism or animal,muscle,juv.,male,Inexpressible Island,74.900829 S 163.725475 E,,missing,69,missing,Yanyun Zhang,,,,,,,,,,,,,,,,,,,,,,,,,,,,,,,,,,,,
SRR9164252,WGS,251,17839040850,PRJNA544154,SAMN11811917,7466520678,BEIJING NORMAL UNIVERSITY,public,"fastq,run.zq,sra","ncbi,s3,gs","s3.us-east-1,gs.US,ncbi.public",SRX5936972,Illumina HiSeq 2500,AN011,PAIRED,PCR,GENOMIC,Pygoscelis adeliae,ILLUMINA,2020-05-26T00:00:00Z,AN011,SRP199953,2019-06-03T20:30:00Z,1,Model organism or animal,blood,adu.,male,Inexpressible Island,74.901805 S 163.719877 E,,missing,9,missing,Yanyun Zhang,,,,,,,,,,,,,,,,,,,,,,,,,,,,,,,,,,,,
SRR9164253,WGS,300,20365646100,PRJNA544154,SAMN11811978,7232336950,BEIJING NORMAL UNIVERSITY,public,"sra,fastq,run.zq","ncbi,s3,gs","gs.US,ncbi.public,s3.us-east-1",SRX5936971,Illumina HiSeq 2500,74,PAIRED,PCR,GENOMIC,Pygoscelis adeliae,ILLUMINA,2020-05-26T00:00:00Z,74,SRP199953,2019-05-30T22:49:00Z,1,Model organism or animal,muscle,juv.,female,Inexpressible Island,74.897958 S 163.725096 E,,missing,70,missing,Yanyun Zhang,,,,,,,,,,,,,,,,,,,,,,,,,,,,,,,,,,,,
SRR9164254,WGS,300,19705656600,PRJNA544154,SAMN11811979,6747796712,BEIJING NORMAL UNIVERSITY,public,"run.zq,fastq,sra","s3,gs,ncbi","s3.us-east-1,gs.US,ncbi.public",SRX5936970,Illumina HiSeq 2500,75,PAIRED,PCR,GENOMIC,Pygoscelis adeliae,ILLUMINA,2020-05-26T00:00:00Z,75,SRP199953,2019-05-30T22:57:00Z,1,Model organism or animal,muscle,juv.,female,Inexpressible Island,74.897958 S 163.725096 E,,missing,71,missing,Yanyun Zhang,,,,,,,,,,,,,,,,,,,,,,,,,,,,,,,,,,,,
SRR9164255,WGS,300,22320692700,PRJNA544154,SAMN11811969,7590932439,BEIJING NORMAL UNIVERSITY,public,"fastq,run.zq,sra","gs,ncbi,s3","gs.US,s3.us-east-1,ncbi.public",SRX5936969,Illumina HiSeq 2500,58,PAIRED,PCR,GENOMIC,Pygoscelis adeliae,ILLUMINA,2020-05-26T00:00:00Z,58,SRP199953,2019-05-30T22:55:00Z,1,Model organism or animal,muscle,juv.,female,Inexpressible Island,74.902311 S 163.720091 E,,missing,61,missing,Yanyun Zhang,,,,,,,,,,,,,,,,,,,,,,,,,,,,,,,,,,,,
SRR9164256,WGS,300,21574138800,PRJNA544154,SAMN11811968,7340820725,BEIJING NORMAL UNIVERSITY,public,"sra,run.zq,fastq","s3,ncbi,gs","s3.us-east-1,ncbi.public,gs.US",SRX5936968,Illumina HiSeq 2500,H7_220,PAIRED,PCR,GENOMIC,Pygoscelis adeliae,ILLUMINA,2020-05-26T00:00:00Z,H7_220,SRP199953,2019-05-30T22:42:00Z,1,Model organism or animal,muscle,juv.,male,Inexpressible Island,74.898979 S 163.716406 E,,missing,60,missing,Yanyun Zhang,,,,,,,,,,,,,,,,,,,,,,,,,,,,,,,,,,,,
SRR9164257,WGS,300,24538450800,PRJNA544154,SAMN11811950,8164204881,BEIJING NORMAL UNIVERSITY,public,"fastq,sra,run.zq","gs,ncbi,s3","s3.us-east-1,ncbi.public,gs.US",SRX5936967,Illumina HiSeq 2500,39,PAIRED,PCR,GENOMIC,Pygoscelis adeliae,ILLUMINA,2020-05-26T00:00:00Z,39,SRP199953,2019-05-30T23:15:00Z,1,Model organism or animal,muscle,juv.,female,Inexpressible Island,74.897016 S 163.726166 E,,missing,42,missing,Yanyun Zhang,,,,,,,,,,,,,,,,,,,,,,,,,,,,,,,,,,,,
SRR9164258,WGS,300,24384957000,PRJNA544154,SAMN11811974,8238819946,BEIJING NORMAL UNIVERSITY,public,"sra,run.zq,fastq","s3,ncbi,gs","gs.US,ncbi.public,s3.us-east-1",SRX5936966,Illumina HiSeq 2500,65,PAIRED,PCR,GENOMIC,Pygoscelis adeliae,ILLUMINA,2020-05-26T00:00:00Z,65,SRP199953,2019-05-30T23:27:00Z,1,Model organism or animal,muscle,juv.,male,Inexpressible Island,74.901602 S 163.725698 E,,missing,66,missing,Yanyun Zhang,,,,,,,,,,,,,,,,,,,,,,,,,,,,,,,,,,,,
SRR9164259,WGS,300,28708635600,PRJNA544154,SAMN11811970,9648378822,BEIJING NORMAL UNIVERSITY,public,"sra,run.zq,fastq","gs,s3,ncbi","ncbi.public,s3.us-east-1,gs.US",SRX5936965,Illumina HiSeq 2500,59,PAIRED,PCR,GENOMIC,Pygoscelis adeliae,ILLUMINA,2020-05-26T00:00:00Z,59,SRP199953,2019-05-30T22:18:00Z,1,Model organism or animal,muscle,juv.,female,Inexpressible Island,74.902082 S 163.721116 E,,missing,62,missing,Yanyun Zhang,,,,,,,,,,,,,,,,,,,,,,,,,,,,,,,,,,,,
SRR9164260,WGS,300,20557743300,PRJNA544154,SAMN11811961,7129925885,BEIJING NORMAL UNIVERSITY,public,"fastq,sra,run.zq","s3,gs,ncbi","s3.us-east-1,ncbi.public,gs.US",SRX5936964,Illumina HiSeq 2500,53,PAIRED,PCR,GENOMIC,Pygoscelis adeliae,ILLUMINA,2020-05-26T00:00:00Z,53,SRP199953,2019-05-30T22:47:00Z,1,Model organism or animal,muscle,juv.,male,Inexpressible Island,74.911073 S 163.725177 E,,missing,53,missing,Yanyun Zhang,,,,,,,,,,,,,,,,,,,,,,,,,,,,,,,,,,,,
SRR7911805,OTHER,222,1629674232,PRJNA493660,SAMN10140894,868475782,UNIVERSITY OF SOUTHAMPTON,public,"run.zq,fastq,sra","gs,ncbi,s3","s3.us-east-1,ncbi.public,gs.US",SRX4747170,Illumina HiSeq 2000,APWH003,PAIRED,Reduced Representation,GENOMIC,Pygoscelis adeliae,ILLUMINA,2018-10-05T00:00:00Z,APWH003,SRP162779,2018-10-01T10:20:00Z,1,Model organism or animal,muscle,chick,not determined,APWH003,67.56 S 62.93 E,2012,,,,,,,,,,,,,,,,,,,,,,,,,,,,,,,,,,,,,,,,
SRR7911806,OTHER,222,1373833266,PRJNA493660,SAMN10140885,774423432,UNIVERSITY OF SOUTHAMPTON,public,"sra,run.zq,fastq","gs,s3,ncbi","s3.us-east-1,gs.US,ncbi.public",SRX4747169,Illumina HiSeq 2000,APPI074,PAIRED,Reduced Representation,GENOMIC,Pygoscelis adeliae,ILLUMINA,2018-10-05T00:00:00Z,APPI074,SRP162779,2018-10-01T10:14:00Z,1,Model organism or animal,blood,chick,not determined,APPI074,65.17 S 64.14 W,2013,,,,,,,,,,,,,,,,,,,,,,,,,,,,,,,,,,,,,,,,
SRR7911809,OTHER,221,314401170,PRJNA493660,SAMN10140865,170517020,UNIVERSITY OF SOUTHAMPTON,public,"sra,fastq,run.zq","ncbi,gs,s3","s3.us-east-1,gs.US,ncbi.public",SRX4747166,Illumina HiSeq 2000,APBS013,PAIRED,Reduced Representation,GENOMIC,Pygoscelis adeliae,ILLUMINA,2018-10-05T00:00:00Z,APBS013,SRP162779,2018-10-01T09:52:00Z,1,Model organism or animal,blood,adult,not determined,APBS013,59.43 S 27.08 W,2010,,,,,,,,,,,,,,,,,,,,,,,,,,,,,,,,,,,,,,,,
SRR7911810,OTHER,221,310492110,PRJNA493660,SAMN10140866,170040406,UNIVERSITY OF SOUTHAMPTON,public,"sra,run.zq,fastq","gs,s3,ncbi","s3.us-east-1,ncbi.public,gs.US",SRX4747165,Illumina HiSeq 2000,APBS014,PAIRED,Reduced Representation,GENOMIC,Pygoscelis adeliae,ILLUMINA,2018-10-05T00:00:00Z,APBS014,SRP162779,2018-10-01T09:52:00Z,1,Model organism or animal,blood,adult,not determined,APBS014,59.43 S 27.08 W,2010,,,,,,,,,,,,,,,,,,,,,,,,,,,,,,,,,,,,,,,,
SRR7911811,OTHER,222,1164040434,PRJNA493660,SAMN10140886,653503161,UNIVERSITY OF SOUTHAMPTON,public,"run.zq,fastq,sra","gs,s3,ncbi","ncbi.public,s3.us-east-1,gs.US",SRX4747164,Illumina HiSeq 2000,APPI075,PAIRED,Reduced Representation,GENOMIC,Pygoscelis adeliae,ILLUMINA,2018-10-05T00:00:00Z,APPI075,SRP162779,2018-10-01T10:13:00Z,1,Model organism or animal,blood,chick,not determined,APPI075,65.17 S 64.14 W,2013,,,,,,,,,,,,,,,,,,,,,,,,,,,,,,,,,,,,,,,,
SRR7911830,OTHER,221,860040510,PRJNA493660,SAMN10140857,477953071,UNIVERSITY OF SOUTHAMPTON,public,"fastq,sra,run.zq","s3,gs,ncbi","ncbi.public,s3.us-east-1,gs.US",SRX4747145,Illumina HiSeq 2000,APBR020,PAIRED,Reduced Representation,GENOMIC,Pygoscelis adeliae,ILLUMINA,2018-10-05T00:00:00Z,APBR020,SRP162779,2018-10-01T10:06:00Z,1,Model organism or animal,blood,adult,not determined,APBR020,63.52 S 56.90 W,1997,,,,,,,,,,,,,,,,,,,,,,,,,,,,,,,,,,,,,,,,
SRR7911831,OTHER,222,1121657742,PRJNA493660,SAMN10140883,630750136,UNIVERSITY OF SOUTHAMPTON,public,"sra,run.zq,fastq","gs,ncbi,s3","s3.us-east-1,gs.US,ncbi.public",SRX4747144,Illumina HiSeq 2000,APPI071,PAIRED,Reduced Representation,GENOMIC,Pygoscelis adeliae,ILLUMINA,2018-10-05T00:00:00Z,APPI071,SRP162779,2018-10-01T10:10:00Z,1,Model organism or animal,blood,chick,not determined,APPI071,65.17 S 64.14 W,2013,,,,,,,,,,,,,,,,,,,,,,,,,,,,,,,,,,,,,,,,
SRR7911840,OTHER,222,1256675694,PRJNA493660,SAMN10140888,700667156,UNIVERSITY OF SOUTHAMPTON,public,"fastq,run.zq,sra","ncbi,gs,s3","gs.US,ncbi.public,s3.us-east-1",SRX4747135,Illumina HiSeq 2000,APPI077,PAIRED,Reduced Representation,GENOMIC,Pygoscelis adeliae,ILLUMINA,2018-10-05T00:00:00Z,APPI077,SRP162779,2018-10-01T10:05:00Z,1,Model organism or animal,blood,chick,not determined,APPI077,65.17 S 64.14 W,2013,,,,,,,,,,,,,,,,,,,,,,,,,,,,,,,,,,,,,,,,
SRR7911841,OTHER,222,1372382274,PRJNA493660,SAMN10140887,757529572,UNIVERSITY OF SOUTHAMPTON,public,"run.zq,sra,fastq","gs,s3,ncbi","gs.US,ncbi.public,s3.us-east-1",SRX4747134,Illumina HiSeq 2000,APPI076,PAIRED,Reduced Representation,GENOMIC,Pygoscelis adeliae,ILLUMINA,2018-10-05T00:00:00Z,APPI076,SRP162779,2018-10-01T10:13:00Z,1,Model organism or animal,blood,chick,not determined,APPI076,65.17 S 64.14 W,2013,,,,,,,,,,,,,,,,,,,,,,,,,,,,,,,,,,,,,,,,
SRR7911842,OTHER,222,1411674084,PRJNA493660,SAMN10140890,782325912,UNIVERSITY OF SOUTHAMPTON,public,"run.zq,fastq,sra","s3,gs,ncbi","ncbi.public,s3.us-east-1,gs.US",SRX4747133,Illumina HiSeq 2000,APPI079,PAIRED,Reduced Representation,GENOMIC,Pygoscelis adeliae,ILLUMINA,2018-10-05T00:00:00Z,APPI079,SRP162779,2018-10-01T10:16:00Z,1,Model organism or animal,blood,chick,not determined,APPI079,65.17 S 64.14 W,2013,,,,,,,,,,,,,,,,,,,,,,,,,,,,,,,,,,,,,,,,
SRR7911843,OTHER,222,1163314596,PRJNA493660,SAMN10140889,651647710,UNIVERSITY OF SOUTHAMPTON,public,"sra,fastq,run.zq","gs,s3,ncbi","ncbi.public,s3.us-east-1,gs.US",SRX4747132,Illumina HiSeq 2000,APPI078,PAIRED,Reduced Representation,GENOMIC,Pygoscelis adeliae,ILLUMINA,2018-10-05T00:00:00Z,APPI078,SRP162779,2018-10-01T10:12:00Z,1,Model organism or animal,blood,chick,not determined,APPI078,65.17 S 64.14 W,2013,,,,,,,,,,,,,,,,,,,,,,,,,,,,,,,,,,,,,,,,
SRR7911844,OTHER,222,348166146,PRJNA493660,SAMN10140892,191237291,UNIVERSITY OF SOUTHAMPTON,public,"sra,run.zq,fastq","gs,ncbi,s3","ncbi.public,s3.us-east-1,gs.US",SRX4747131,Illumina HiSeq 2000,APSG032,PAIRED,Reduced Representation,GENOMIC,Pygoscelis adeliae,ILLUMINA,2018-10-05T00:00:00Z,APSG032,SRP162779,2018-10-01T09:53:00Z,1,Model organism or animal,blood,adult,not determined,APSG032,60.71 S 45.62 W,2006,,,,,,,,,,,,,,,,,,,,,,,,,,,,,,,,,,,,,,,,
SRR7911845,OTHER,222,345915558,PRJNA493660,SAMN10140891,190940054,UNIVERSITY OF SOUTHAMPTON,public,"run.zq,sra,fastq","ncbi,gs,s3","ncbi.public,gs.US,s3.us-east-1",SRX4747130,Illumina HiSeq 2000,APSG031,PAIRED,Reduced Representation,GENOMIC,Pygoscelis adeliae,ILLUMINA,2018-10-05T00:00:00Z,APSG031,SRP162779,2018-10-01T09:53:00Z,1,Model organism or animal,blood,adult,not determined,APSG031,60.71 S 45.62 W,2006,,,,,,,,,,,,,,,,,,,,,,,,,,,,,,,,,,,,,,,,
SRR7911848,OTHER,221,590445900,PRJNA493660,SAMN10140836,322221883,UNIVERSITY OF SOUTHAMPTON,public,"sra,fastq,run.zq","s3,gs,ncbi","s3.us-east-1,ncbi.public,gs.US",SRX4747127,Illumina HiSeq 2000,APBI026,PAIRED,Reduced Representation,GENOMIC,Pygoscelis adeliae,ILLUMINA,2018-10-05T00:00:00Z,APBI026,SRP162779,2018-10-01T10:00:00Z,1,Model organism or animal,blood,adult,not determined,APBI026,67.58 S 62.82 E,2012,,,,,,,,,,,,,,,,,,,,,,,,,,,,,,,,,,,,,,,,
SRR7911849,OTHER,222,1057699524,PRJNA493660,SAMN10140835,570201372,UNIVERSITY OF SOUTHAMPTON,public,"fastq,sra,run.zq","ncbi,gs,s3","ncbi.public,gs.US,s3.us-east-1",SRX4747126,Illumina HiSeq 2000,APBI024,PAIRED,Reduced Representation,GENOMIC,Pygoscelis adeliae,ILLUMINA,2018-10-05T00:00:00Z,APBI024,SRP162779,2018-10-01T10:10:00Z,1,Model organism or animal,blood,adult,not determined,APBI024,67.58 S 62.82 E,2012,,,,,,,,,,,,,,,,,,,,,,,,,,,,,,,,,,,,,,,,
SRR7911850,OTHER,222,1236939216,PRJNA493660,SAMN10140834,668110908,UNIVERSITY OF SOUTHAMPTON,public,"sra,fastq,run.zq","ncbi,gs,s3","s3.us-east-1,gs.US,ncbi.public",SRX4747125,Illumina HiSeq 2000,APBI019,PAIRED,Reduced Representation,GENOMIC,Pygoscelis adeliae,ILLUMINA,2018-10-05T00:00:00Z,APBI019,SRP162779,2018-10-01T10:14:00Z,1,Model organism or animal,blood,adult,not determined,APBI019,67.58 S 62.82 E,2012,,,,,,,,,,,,,,,,,,,,,,,,,,,,,,,,,,,,,,,,
SRR7911851,OTHER,222,1082570106,PRJNA493660,SAMN10140833,580650394,UNIVERSITY OF SOUTHAMPTON,public,"run.zq,sra,fastq","ncbi,s3,gs","ncbi.public,gs.US,s3.us-east-1",SRX4747124,Illumina HiSeq 2000,APBI018,PAIRED,Reduced Representation,GENOMIC,Pygoscelis adeliae,ILLUMINA,2018-10-05T00:00:00Z,APBI018,SRP162779,2018-10-01T10:03:00Z,1,Model organism or animal,blood,adult,not determined,APBI018,67.58 S 62.82 E,2012,,,,,,,,,,,,,,,,,,,,,,,,,,,,,,,,,,,,,,,,
SRR7911852,OTHER,222,1443967548,PRJNA493660,SAMN10140832,766422880,UNIVERSITY OF SOUTHAMPTON,public,"fastq,run.zq,sra","ncbi,s3,gs","s3.us-east-1,gs.US,ncbi.public",SRX4747123,Illumina HiSeq 2000,APBI017,PAIRED,Reduced Representation,GENOMIC,Pygoscelis adeliae,ILLUMINA,2018-10-05T00:00:00Z,APBI017,SRP162779,2018-10-01T10:08:00Z,1,Model organism or animal,blood,adult,not determined,APBI017,67.58 S 62.82 E,2012,,,,,,,,,,,,,,,,,,,,,,,,,,,,,,,,,,,,,,,,
SRR7911853,OTHER,222,1452015264,PRJNA493660,SAMN10140831,780991514,UNIVERSITY OF SOUTHAMPTON,public,"sra,run.zq,fastq","s3,gs,ncbi","ncbi.public,gs.US,s3.us-east-1",SRX4747122,Illumina HiSeq 2000,APBI016,PAIRED,Reduced Representation,GENOMIC,Pygoscelis adeliae,ILLUMINA,2018-10-05T00:00:00Z,APBI016,SRP162779,2018-10-01T10:20:00Z,1,Model organism or animal,blood,adult,not determined,APBI016,67.58 S 62.82 E,2012,,,,,,,,,,,,,,,,,,,,,,,,,,,,,,,,,,,,,,,,
SRR7911854,OTHER,222,1123420866,PRJNA493660,SAMN10140830,603890551,UNIVERSITY OF SOUTHAMPTON,public,"sra,fastq,run.zq","ncbi,s3,gs","s3.us-east-1,gs.US,ncbi.public",SRX4747121,Illumina HiSeq 2000,APBI015,PAIRED,Reduced Representation,GENOMIC,Pygoscelis adeliae,ILLUMINA,2018-10-05T00:00:00Z,APBI015,SRP162779,2018-10-01T10:10:00Z,1,Model organism or animal,blood,adult,not determined,APBI015,67.58 S 62.82 E,2012,,,,,,,,,,,,,,,,,,,,,,,,,,,,,,,,,,,,,,,,
SRR7911855,OTHER,222,1048092630,PRJNA493660,SAMN10140829,565276384,UNIVERSITY OF SOUTHAMPTON,public,"fastq,run.zq,sra","gs,ncbi,s3","ncbi.public,s3.us-east-1,gs.US",SRX4747120,Illumina HiSeq 2000,APBI014,PAIRED,Reduced Representation,GENOMIC,Pygoscelis adeliae,ILLUMINA,2018-10-05T00:00:00Z,APBI014,SRP162779,2018-10-01T10:08:00Z,1,Model organism or animal,blood,adult,not determined,APBI014,67.58 S 62.82 E,2012,,,,,,,,,,,,,,,,,,,,,,,,,,,,,,,,,,,,,,,,
SRR7911856,OTHER,221,568104294,PRJNA493660,SAMN10140828,310474270,UNIVERSITY OF SOUTHAMPTON,public,"sra,run.zq,fastq","ncbi,s3,gs","gs.US,ncbi.public,s3.us-east-1",SRX4747119,Illumina HiSeq 2000,APBI009,PAIRED,Reduced Representation,GENOMIC,Pygoscelis adeliae,ILLUMINA,2018-10-05T00:00:00Z,APBI009,SRP162779,2018-10-01T09:58:00Z,1,Model organism or animal,blood,adult,not determined,APBI009,67.58 S 62.82 E,2012,,,,,,,,,,,,,,,,,,,,,,,,,,,,,,,,,,,,,,,,
SRR7911857,OTHER,222,770650830,PRJNA493660,SAMN10140827,414586043,UNIVERSITY OF SOUTHAMPTON,public,"sra,fastq,run.zq","ncbi,s3,gs","ncbi.public,s3.us-east-1,gs.US",SRX4747118,Illumina HiSeq 2000,APBI007,PAIRED,Reduced Representation,GENOMIC,Pygoscelis adeliae,ILLUMINA,2018-10-05T00:00:00Z,APBI007,SRP162779,2018-10-01T10:04:00Z,1,Model organism or animal,blood,adult,not determined,APBI007,67.58 S 62.82 E,2012,,,,,,,,,,,,,,,,,,,,,,,,,,,,,,,,,,,,,,,,
SRR7911868,OTHER,222,758059986,PRJNA493660,SAMN10140896,408282739,UNIVERSITY OF SOUTHAMPTON,public,"run.zq,sra,fastq","s3,gs,ncbi","gs.US,s3.us-east-1,ncbi.public",SRX4747107,Illumina HiSeq 2000,APWH010,PAIRED,Reduced Representation,GENOMIC,Pygoscelis adeliae,ILLUMINA,2018-10-05T00:00:00Z,APWH010,SRP162779,2018-10-01T09:58:00Z,1,Model organism or animal,muscle,chick,not determined,APWH010,67.56 S 62.93 E,2012,,,,,,,,,,,,,,,,,,,,,,,,,,,,,,,,,,,,,,,,
SRR7911869,OTHER,221,343198482,PRJNA493660,SAMN10140895,190033095,UNIVERSITY OF SOUTHAMPTON,public,"fastq,run.zq,sra","gs,ncbi,s3","ncbi.public,s3.us-east-1,gs.US",SRX4747106,Illumina HiSeq 2000,APWH004,PAIRED,Reduced Representation,GENOMIC,Pygoscelis adeliae,ILLUMINA,2018-10-05T00:00:00Z,APWH004,SRP162779,2018-10-01T09:51:00Z,1,Model organism or animal,muscle,chick,not determined,APWH004,67.56 S 62.93 E,2012,,,,,,,,,,,,,,,,,,,,,,,,,,,,,,,,,,,,,,,,
SRR7911878,OTHER,222,980294322,PRJNA493660,SAMN10140879,539826198,UNIVERSITY OF SOUTHAMPTON,public,"run.zq,sra,fastq","gs,ncbi,s3","gs.US,ncbi.public,s3.us-east-1",SRX4747097,Illumina HiSeq 2000,APKG028,PAIRED,Reduced Representation,GENOMIC,Pygoscelis adeliae,ILLUMINA,2018-10-05T00:00:00Z,APKG028,SRP162779,2018-10-01T10:07:00Z,1,Model organism or animal,blood,adult,not determined,APKG028,62.16 S 58.44 W,2010,,,,,,,,,,,,,,,,,,,,,,,,,,,,,,,,,,,,,,,,
SRR7911879,OTHER,222,1080935916,PRJNA493660,SAMN10140880,607775947,UNIVERSITY OF SOUTHAMPTON,public,"fastq,run.zq,sra","ncbi,gs,s3","s3.us-east-1,gs.US,ncbi.public",SRX4747096,Illumina HiSeq 2000,APPI067,PAIRED,Reduced Representation,GENOMIC,Pygoscelis adeliae,ILLUMINA,2018-10-05T00:00:00Z,APPI067,SRP162779,2018-10-01T10:03:00Z,1,Model organism or animal,blood,chick,not determined,APPI067,65.17 S 64.14 W,2013,,,,,,,,,,,,,,,,,,,,,,,,,,,,,,,,,,,,,,,,
SRR7911880,OTHER,222,815047104,PRJNA493660,SAMN10140877,446031145,UNIVERSITY OF SOUTHAMPTON,public,"fastq,run.zq,sra","gs,ncbi,s3","ncbi.public,s3.us-east-1,gs.US",SRX4747095,Illumina HiSeq 2000,APKG026,PAIRED,Reduced Representation,GENOMIC,Pygoscelis adeliae,ILLUMINA,2018-10-05T00:00:00Z,APKG026,SRP162779,2018-10-01T09:58:00Z,1,Model organism or animal,blood,adult,not determined,APKG026,62.16 S 58.44 W,2010,,,,,,,,,,,,,,,,,,,,,,,,,,,,,,,,,,,,,,,,
SRR7911881,OTHER,222,1049912526,PRJNA493660,SAMN10140878,572562787,UNIVERSITY OF SOUTHAMPTON,public,"fastq,run.zq,sra","s3,ncbi,gs","s3.us-east-1,ncbi.public,gs.US",SRX4747094,Illumina HiSeq 2000,APKG027,PAIRED,Reduced Representation,GENOMIC,Pygoscelis adeliae,ILLUMINA,2018-10-05T00:00:00Z,APKG027,SRP162779,2018-10-01T10:08:00Z,1,Model organism or animal,blood,adult,not determined,APKG027,62.16 S 58.44 W,2010,,,,,,,,,,,,,,,,,,,,,,,,,,,,,,,,,,,,,,,,
SRR7911884,OTHER,222,1417835442,PRJNA493660,SAMN10140881,788660397,UNIVERSITY OF SOUTHAMPTON,public,"run.zq,fastq,sra","gs,ncbi,s3","gs.US,ncbi.public,s3.us-east-1",SRX4747091,Illumina HiSeq 2000,APPI069,PAIRED,Reduced Representation,GENOMIC,Pygoscelis adeliae,ILLUMINA,2018-10-05T00:00:00Z,APPI069,SRP162779,2018-10-01T10:07:00Z,1,Model organism or animal,blood,chick,not determined,APPI069,65.17 S 64.14 W,2013,,,,,,,,,,,,,,,,,,,,,,,,,,,,,,,,,,,,,,,,
SRR7911885,OTHER,222,1286044260,PRJNA493660,SAMN10140882,720829332,UNIVERSITY OF SOUTHAMPTON,public,"fastq,sra,run.zq","gs,s3,ncbi","gs.US,ncbi.public,s3.us-east-1",SRX4747090,Illumina HiSeq 2000,APPI070,PAIRED,Reduced Representation,GENOMIC,Pygoscelis adeliae,ILLUMINA,2018-10-05T00:00:00Z,APPI070,SRP162779,2018-10-01T10:13:00Z,1,Model organism or animal,blood,chick,not determined,APPI070,65.17 S 64.14 W,2013,,,,,,,,,,,,,,,,,,,,,,,,,,,,,,,,,,,,,,,,
SRR7911886,OTHER,222,2738416686,PRJNA493660,SAMN10140826,1467362092,UNIVERSITY OF SOUTHAMPTON,public,"sra,fastq,run.zq","s3,gs,ncbi","s3.us-east-1,gs.US,ncbi.public",SRX4747089,Illumina HiSeq 2000,APBI004,PAIRED,Reduced Representation,GENOMIC,Pygoscelis adeliae,ILLUMINA,2018-10-05T00:00:00Z,APBI004,SRP162779,2018-10-01T10:47:00Z,1,Model organism or animal,blood,adult,not determined,APBI004,67.58 S 62.82 E,2012,,,,,,,,,,,,,,,,,,,,,,,,,,,,,,,,,,,,,,,,
SRR7911887,OTHER,222,968241102,PRJNA493660,SAMN10140825,515933897,UNIVERSITY OF SOUTHAMPTON,public,"fastq,run.zq,sra","gs,ncbi,s3","ncbi.public,gs.US,s3.us-east-1",SRX4747088,Illumina HiSeq 2000,APAL032,PAIRED,Reduced Representation,GENOMIC,Pygoscelis adeliae,ILLUMINA,2018-10-05T00:00:00Z,APAL032,SRP162779,2018-10-01T10:11:00Z,1,Model organism or animal,muscle,chick,not determined,APAL032,66.66 S 140.00 E,2012,,,,,,,,,,,,,,,,,,,,,,,,,,,,,,,,,,,,,,,,
SRR7911888,OTHER,221,1174592160,PRJNA493660,SAMN10140822,637627422,UNIVERSITY OF SOUTHAMPTON,public,"sra,fastq,run.zq","ncbi,s3,gs","gs.US,s3.us-east-1,ncbi.public",SRX4747087,Illumina HiSeq 2000,APAL024,PAIRED,Reduced Representation,GENOMIC,Pygoscelis adeliae,ILLUMINA,2018-10-05T00:00:00Z,APAL024,SRP162779,2018-10-01T10:11:00Z,1,Model organism or animal,muscle,chick,not determined,APAL024,66.66 S 140.00 E,2012,,,,,,,,,,,,,,,,,,,,,,,,,,,,,,,,,,,,,,,,
SRR7911889,OTHER,222,1554222192,PRJNA493660,SAMN10140821,837840681,UNIVERSITY OF SOUTHAMPTON,public,"run.zq,fastq,sra","s3,ncbi,gs","gs.US,s3.us-east-1,ncbi.public",SRX4747086,Illumina HiSeq 2000,APAL023,PAIRED,Reduced Representation,GENOMIC,Pygoscelis adeliae,ILLUMINA,2018-10-05T00:00:00Z,APAL023,SRP162779,2018-10-01T10:10:00Z,1,Model organism or animal,muscle,chick,not determined,APAL023,66.66 S 140.00 E,2012,,,,,,,,,,,,,,,,,,,,,,,,,,,,,,,,,,,,,,,,
SRR7911890,OTHER,222,1380970920,PRJNA493660,SAMN10140824,738304103,UNIVERSITY OF SOUTHAMPTON,public,"run.zq,fastq,sra","ncbi,gs,s3","ncbi.public,gs.US,s3.us-east-1",SRX4747085,Illumina HiSeq 2000,APAL030,PAIRED,Reduced Representation,GENOMIC,Pygoscelis adeliae,ILLUMINA,2018-10-05T00:00:00Z,APAL030,SRP162779,2018-10-01T10:07:00Z,1,Model organism or animal,muscle,chick,not determined,APAL030,66.66 S 140.00 E,2012,,,,,,,,,,,,,,,,,,,,,,,,,,,,,,,,,,,,,,,,
SRR7911891,OTHER,222,1042517346,PRJNA493660,SAMN10140823,556683748,UNIVERSITY OF SOUTHAMPTON,public,"sra,run.zq,fastq","s3,gs,ncbi","s3.us-east-1,gs.US,ncbi.public",SRX4747084,Illumina HiSeq 2000,APAL026,PAIRED,Reduced Representation,GENOMIC,Pygoscelis adeliae,ILLUMINA,2018-10-05T00:00:00Z,APAL026,SRP162779,2018-10-01T10:08:00Z,1,Model organism or animal,muscle,chick,not determined,APAL026,66.66 S 140.00 E,2012,,,,,,,,,,,,,,,,,,,,,,,,,,,,,,,,,,,,,,,,
SRR7911892,OTHER,222,1747092180,PRJNA493660,SAMN10140818,935611774,UNIVERSITY OF SOUTHAMPTON,public,"fastq,sra,run.zq","s3,ncbi,gs","s3.us-east-1,ncbi.public,gs.US",SRX4747083,Illumina HiSeq 2000,APAL019,PAIRED,Reduced Representation,GENOMIC,Pygoscelis adeliae,ILLUMINA,2018-10-05T00:00:00Z,APAL019,SRP162779,2018-10-01T10:24:00Z,1,Model organism or animal,muscle,chick,not determined,APAL019,66.66 S 140.00 E,2012,,,,,,,,,,,,,,,,,,,,,,,,,,,,,,,,,,,,,,,,
SRR7911893,OTHER,222,1385751966,PRJNA493660,SAMN10140817,740996510,UNIVERSITY OF SOUTHAMPTON,public,"sra,run.zq,fastq","ncbi,gs,s3","s3.us-east-1,gs.US,ncbi.public",SRX4747082,Illumina HiSeq 2000,APAL018,PAIRED,Reduced Representation,GENOMIC,Pygoscelis adeliae,ILLUMINA,2018-10-05T00:00:00Z,APAL018,SRP162779,2018-10-01T10:08:00Z,1,Model organism or animal,muscle,chick,not determined,APAL018,66.66 S 140.00 E,2012,,,,,,,,,,,,,,,,,,,,,,,,,,,,,,,,,,,,,,,,
SRR7911894,OTHER,222,1240471620,PRJNA493660,SAMN10140820,669744888,UNIVERSITY OF SOUTHAMPTON,public,"sra,run.zq,fastq","s3,ncbi,gs","gs.US,ncbi.public,s3.us-east-1",SRX4747081,Illumina HiSeq 2000,APAL021,PAIRED,Reduced Representation,GENOMIC,Pygoscelis adeliae,ILLUMINA,2018-10-05T00:00:00Z,APAL021,SRP162779,2018-10-01T10:04:00Z,1,Model organism or animal,muscle,chick,not determined,APAL021,66.66 S 140.00 E,2012,,,,,,,,,,,,,,,,,,,,,,,,,,,,,,,,,,,,,,,,
SRR7911895,OTHER,222,1786736250,PRJNA493660,SAMN10140819,952191370,UNIVERSITY OF SOUTHAMPTON,public,"run.zq,sra,fastq","ncbi,gs,s3","gs.US,s3.us-east-1,ncbi.public",SRX4747080,Illumina HiSeq 2000,APAL020,PAIRED,Reduced Representation,GENOMIC,Pygoscelis adeliae,ILLUMINA,2018-10-05T00:00:00Z,APAL020,SRP162779,2018-10-01T10:24:00Z,1,Model organism or animal,muscle,chick,not determined,APAL020,66.66 S 140.00 E,2012,,,,,,,,,,,,,,,,,,,,,,,,,,,,,,,,,,,,,,,,
SRR7911906,OTHER,222,302053830,PRJNA493660,SAMN10140893,165557851,UNIVERSITY OF SOUTHAMPTON,public,"sra,run.zq,fastq","gs,s3,ncbi","gs.US,s3.us-east-1,ncbi.public",SRX4747069,Illumina HiSeq 2000,APSG033,PAIRED,Reduced Representation,GENOMIC,Pygoscelis adeliae,ILLUMINA,2018-10-05T00:00:00Z,APSG033,SRP162779,2018-10-01T09:50:00Z,1,Model organism or animal,blood,adult,not determined,APSG033,60.71 S 45.62 W,2006,,,,,,,,,,,,,,,,,,,,,,,,,,,,,,,,,,,,,,,,
SRR7911908,OTHER,222,1169366286,PRJNA493660,SAMN10140852,651565243,UNIVERSITY OF SOUTHAMPTON,public,"fastq,sra,run.zq","gs,ncbi,s3","ncbi.public,gs.US,s3.us-east-1",SRX4747067,Illumina HiSeq 2000,APBR012,PAIRED,Reduced Representation,GENOMIC,Pygoscelis adeliae,ILLUMINA,2018-10-05T00:00:00Z,APBR012,SRP162779,2018-10-01T10:12:00Z,1,Model organism or animal,blood,adult,not determined,APBR012,63.52 S 56.90 W,1997,,,,,,,,,,,,,,,,,,,,,,,,,,,,,,,,,,,,,,,,
SRR7911909,OTHER,222,1343050188,PRJNA493660,SAMN10140851,750020567,UNIVERSITY OF SOUTHAMPTON,public,"fastq,run.zq,sra","ncbi,s3,gs","ncbi.public,gs.US,s3.us-east-1",SRX4747066,Illumina HiSeq 2000,APBR009,PAIRED,Reduced Representation,GENOMIC,Pygoscelis adeliae,ILLUMINA,2018-10-05T00:00:00Z,APBR009,SRP162779,2018-10-01T10:14:00Z,1,Model organism or animal,blood,adult,not determined,APBR009,63.52 S 56.90 W,1997,,,,,,,,,,,,,,,,,,,,,,,,,,,,,,,,,,,,,,,,
SRR7911910,OTHER,222,1241965134,PRJNA493660,SAMN10140854,690904986,UNIVERSITY OF SOUTHAMPTON,public,"run.zq,fastq,sra","gs,ncbi,s3","s3.us-east-1,ncbi.public,gs.US",SRX4747065,Illumina HiSeq 2000,APBR015,PAIRED,Reduced Representation,GENOMIC,Pygoscelis adeliae,ILLUMINA,2018-10-05T00:00:00Z,APBR015,SRP162779,2018-10-01T10:13:00Z,1,Model organism or animal,blood,adult,not determined,APBR015,63.52 S 56.90 W,1997,,,,,,,,,,,,,,,,,,,,,,,,,,,,,,,,,,,,,,,,
SRR7911911,OTHER,222,948028674,PRJNA493660,SAMN10140853,533085146,UNIVERSITY OF SOUTHAMPTON,public,"run.zq,sra,fastq","gs,ncbi,s3","gs.US,ncbi.public,s3.us-east-1",SRX4747064,Illumina HiSeq 2000,APBR013,PAIRED,Reduced Representation,GENOMIC,Pygoscelis adeliae,ILLUMINA,2018-10-05T00:00:00Z,APBR013,SRP162779,2018-10-01T10:00:00Z,1,Model organism or animal,blood,adult,not determined,APBR013,63.52 S 56.90 W,1997,,,,,,,,,,,,,,,,,,,,,,,,,,,,,,,,,,,,,,,,
SRR7911912,OTHER,222,1530061716,PRJNA493660,SAMN10140848,856825959,UNIVERSITY OF SOUTHAMPTON,public,"sra,fastq,run.zq","gs,ncbi,s3","ncbi.public,gs.US,s3.us-east-1",SRX4747063,Illumina HiSeq 2000,APBR005,PAIRED,Reduced Representation,GENOMIC,Pygoscelis adeliae,ILLUMINA,2018-10-05T00:00:00Z,APBR005,SRP162779,2018-10-01T10:21:00Z,1,Model organism or animal,blood,adult,not determined,APBR005,63.52 S 56.90 W,1997,,,,,,,,,,,,,,,,,,,,,,,,,,,,,,,,,,,,,,,,
SRR7911913,OTHER,222,1058825046,PRJNA493660,SAMN10140847,593230078,UNIVERSITY OF SOUTHAMPTON,public,"sra,run.zq,fastq","ncbi,gs,s3","s3.us-east-1,ncbi.public,gs.US",SRX4747062,Illumina HiSeq 2000,APBR003,PAIRED,Reduced Representation,GENOMIC,Pygoscelis adeliae,ILLUMINA,2018-10-05T00:00:00Z,APBR003,SRP162779,2018-10-01T10:10:00Z,1,Model organism or animal,blood,adult,not determined,APBR003,63.52 S 56.90 W,1997,,,,,,,,,,,,,,,,,,,,,,,,,,,,,,,,,,,,,,,,
SRR7911914,OTHER,222,1470888876,PRJNA493660,SAMN10140850,825990315,UNIVERSITY OF SOUTHAMPTON,public,"run.zq,sra,fastq","ncbi,gs,s3","ncbi.public,gs.US,s3.us-east-1",SRX4747061,Illumina HiSeq 2000,APBR007,PAIRED,Reduced Representation,GENOMIC,Pygoscelis adeliae,ILLUMINA,2018-10-05T00:00:00Z,APBR007,SRP162779,2018-10-01T10:18:00Z,1,Model organism or animal,blood,adult,not determined,APBR007,63.52 S 56.90 W,1997,,,,,,,,,,,,,,,,,,,,,,,,,,,,,,,,,,,,,,,,
SRR7911915,OTHER,222,1611611616,PRJNA493660,SAMN10140849,896538306,UNIVERSITY OF SOUTHAMPTON,public,"fastq,sra,run.zq","s3,gs,ncbi","s3.us-east-1,ncbi.public,gs.US",SRX4747060,Illumina HiSeq 2000,APBR006,PAIRED,Reduced Representation,GENOMIC,Pygoscelis adeliae,ILLUMINA,2018-10-05T00:00:00Z,APBR006,SRP162779,2018-10-01T10:11:00Z,1,Model organism or animal,blood,adult,not determined,APBR006,63.52 S 56.90 W,1997,,,,,,,,,,,,,,,,,,,,,,,,,,,,,,,,,,,,,,,,
SRR7911916,OTHER,222,839382000,PRJNA493660,SAMN10140856,469099876,UNIVERSITY OF SOUTHAMPTON,public,"run.zq,sra,fastq","gs,s3,ncbi","gs.US,s3.us-east-1,ncbi.public",SRX4747059,Illumina HiSeq 2000,APBR019,PAIRED,Reduced Representation,GENOMIC,Pygoscelis adeliae,ILLUMINA,2018-10-05T00:00:00Z,APBR019,SRP162779,2018-10-01T10:00:00Z,1,Model organism or animal,blood,adult,not determined,APBR019,63.52 S 56.90 W,1997,,,,,,,,,,,,,,,,,,,,,,,,,,,,,,,,,,,,,,,,
SRR7911917,OTHER,222,1097421228,PRJNA493660,SAMN10140855,615663745,UNIVERSITY OF SOUTHAMPTON,public,"sra,fastq,run.zq","ncbi,gs,s3","s3.us-east-1,ncbi.public,gs.US",SRX4747058,Illumina HiSeq 2000,APBR017,PAIRED,Reduced Representation,GENOMIC,Pygoscelis adeliae,ILLUMINA,2018-10-05T00:00:00Z,APBR017,SRP162779,2018-10-01T10:09:00Z,1,Model organism or animal,blood,adult,not determined,APBR017,63.52 S 56.90 W,1997,,,,,,,,,,,,,,,,,,,,,,,,,,,,,,,,,,,,,,,,
SRR7911928,OTHER,221,277947162,PRJNA493660,SAMN10140897,156046834,UNIVERSITY OF SOUTHAMPTON,public,"fastq,sra,run.zq","s3,ncbi,gs","gs.US,s3.us-east-1,ncbi.public",SRX4747047,Illumina HiSeq 2000,APWH013,PAIRED,Reduced Representation,GENOMIC,Pygoscelis adeliae,ILLUMINA,2018-10-05T00:00:00Z,APWH013,SRP162779,2018-10-01T09:51:00Z,1,Model organism or animal,muscle,chick,not determined,APWH013,67.56 S 62.93 E,2012,,,,,,,,,,,,,,,,,,,,,,,,,,,,,,,,,,,,,,,,
SRR7911929,OTHER,221,214402878,PRJNA493660,SAMN10140898,119510822,UNIVERSITY OF SOUTHAMPTON,public,"fastq,sra,run.zq","ncbi,s3,gs","s3.us-east-1,ncbi.public,gs.US",SRX4747046,Illumina HiSeq 2000,APWH018,PAIRED,Reduced Representation,GENOMIC,Pygoscelis adeliae,ILLUMINA,2018-10-05T00:00:00Z,APWH018,SRP162779,2018-10-01T09:48:00Z,1,Model organism or animal,muscle,chick,not determined,APWH018,67.56 S 62.93 E,2012,,,,,,,,,,,,,,,,,,,,,,,,,,,,,,,,,,,,,,,,
SRR7911930,OTHER,220,445653246,PRJNA493660,SAMN10140899,247437725,UNIVERSITY OF SOUTHAMPTON,public,"run.zq,fastq,sra","gs,s3,ncbi","ncbi.public,s3.us-east-1,gs.US",SRX4747045,Illumina HiSeq 2000,APWH022,PAIRED,Reduced Representation,GENOMIC,Pygoscelis adeliae,ILLUMINA,2018-10-05T00:00:00Z,APWH022,SRP162779,2018-10-01T09:52:00Z,1,Model organism or animal,muscle,chick,not determined,APWH022,67.56 S 62.93 E,2012,,,,,,,,,,,,,,,,,,,,,,,,,,,,,,,,,,,,,,,,
SRR7911931,OTHER,216,370877568,PRJNA493660,SAMN10140900,199320223,UNIVERSITY OF SOUTHAMPTON,public,"sra,run.zq,fastq","gs,ncbi,s3","ncbi.public,gs.US,s3.us-east-1",SRX4747044,Illumina HiSeq 2000,APWH023,PAIRED,Reduced Representation,GENOMIC,Pygoscelis adeliae,ILLUMINA,2018-10-05T00:00:00Z,APWH023,SRP162779,2018-10-01T09:55:00Z,1,Model organism or animal,muscle,chick,not determined,APWH023,67.56 S 62.93 E,2012,,,,,,,,,,,,,,,,,,,,,,,,,,,,,,,,,,,,,,,,
SRR7911932,OTHER,222,551196042,PRJNA493660,SAMN10140901,297498052,UNIVERSITY OF SOUTHAMPTON,public,"sra,fastq,run.zq","gs,ncbi,s3","gs.US,s3.us-east-1,ncbi.public",SRX4747043,Illumina HiSeq 2000,APWH024,PAIRED,Reduced Representation,GENOMIC,Pygoscelis adeliae,ILLUMINA,2018-10-05T00:00:00Z,APWH024,SRP162779,2018-10-01T09:57:00Z,1,Model organism or animal,muscle,chick,not determined,APWH024,67.56 S 62.93 E,2012,,,,,,,,,,,,,,,,,,,,,,,,,,,,,,,,,,,,,,,,
SRR7911933,OTHER,221,350399292,PRJNA493660,SAMN10140902,194894208,UNIVERSITY OF SOUTHAMPTON,public,"fastq,run.zq,sra","ncbi,s3,gs","gs.US,s3.us-east-1,ncbi.public",SRX4747042,Illumina HiSeq 2000,APWH030,PAIRED,Reduced Representation,GENOMIC,Pygoscelis adeliae,ILLUMINA,2018-10-05T00:00:00Z,APWH030,SRP162779,2018-10-01T09:54:00Z,1,Model organism or animal,muscle,chick,not determined,APWH030,67.56 S 62.93 E,2012,,,,,,,,,,,,,,,,,,,,,,,,,,,,,,,,,,,,,,,,
SRR7911934,OTHER,221,333896196,PRJNA493660,SAMN10140903,183007751,UNIVERSITY OF SOUTHAMPTON,public,"fastq,run.zq,sra","gs,ncbi,s3","ncbi.public,s3.us-east-1,gs.US",SRX4747041,Illumina HiSeq 2000,APWH035,PAIRED,Reduced Representation,GENOMIC,Pygoscelis adeliae,ILLUMINA,2018-10-05T00:00:00Z,APWH035,SRP162779,2018-10-01T09:53:00Z,1,Model organism or animal,muscle,chick,not determined,APWH035,67.56 S 62.93 E,2012,,,,,,,,,,,,,,,,,,,,,,,,,,,,,,,,,,,,,,,,
SRR7911938,OTHER,222,821567904,PRJNA493660,SAMN10140843,444892751,UNIVERSITY OF SOUTHAMPTON,public,"sra,fastq,run.zq","ncbi,gs,s3","gs.US,ncbi.public,s3.us-east-1",SRX4747037,Illumina HiSeq 2000,APBP014,PAIRED,Reduced Representation,GENOMIC,Pygoscelis adeliae,ILLUMINA,2018-10-05T00:00:00Z,APBP014,SRP162779,2018-10-01T10:04:00Z,1,Model organism or animal,muscle,chick,not determined,APBP014,66.25 S 110.57 E,2012,,,,,,,,,,,,,,,,,,,,,,,,,,,,,,,,,,,,,,,,
SRR7911939,OTHER,219,1275720420,PRJNA493660,SAMN10140844,689553137,UNIVERSITY OF SOUTHAMPTON,public,"run.zq,sra,fastq","gs,ncbi,s3","gs.US,ncbi.public,s3.us-east-1",SRX4747036,Illumina HiSeq 2000,APBP015,PAIRED,Reduced Representation,GENOMIC,Pygoscelis adeliae,ILLUMINA,2018-10-05T00:00:00Z,APBP015,SRP162779,2018-10-01T10:05:00Z,1,Model organism or animal,muscle,chick,not determined,APBP015,66.25 S 110.57 E,2012,,,,,,,,,,,,,,,,,,,,,,,,,,,,,,,,,,,,,,,,
SRR7911940,OTHER,221,972239538,PRJNA493660,SAMN10140841,533832897,UNIVERSITY OF SOUTHAMPTON,public,"run.zq,sra,fastq","gs,s3,ncbi","gs.US,s3.us-east-1,ncbi.public",SRX4747035,Illumina HiSeq 2000,APBP012,PAIRED,Reduced Representation,GENOMIC,Pygoscelis adeliae,ILLUMINA,2018-10-05T00:00:00Z,APBP012,SRP162779,2018-10-01T10:03:00Z,1,Model organism or animal,muscle,chick,not determined,APBP012,66.25 S 110.57 E,2012,,,,,,,,,,,,,,,,,,,,,,,,,,,,,,,,,,,,,,,,
SRR7911941,OTHER,220,515582784,PRJNA493660,SAMN10140842,283871693,UNIVERSITY OF SOUTHAMPTON,public,"fastq,run.zq,sra","gs,s3,ncbi","gs.US,ncbi.public,s3.us-east-1",SRX4747034,Illumina HiSeq 2000,APBP013,PAIRED,Reduced Representation,GENOMIC,Pygoscelis adeliae,ILLUMINA,2018-10-05T00:00:00Z,APBP013,SRP162779,2018-10-01T09:54:00Z,1,Model organism or animal,muscle,chick,not determined,APBP013,66.25 S 110.57 E,2012,,,,,,,,,,,,,,,,,,,,,,,,,,,,,,,,,,,,,,,,
SRR7911942,OTHER,221,1672695666,PRJNA493660,SAMN10140839,906934671,UNIVERSITY OF SOUTHAMPTON,public,"fastq,run.zq,sra","s3,ncbi,gs","ncbi.public,s3.us-east-1,gs.US",SRX4747033,Illumina HiSeq 2000,APBP008,PAIRED,Reduced Representation,GENOMIC,Pygoscelis adeliae,ILLUMINA,2018-10-05T00:00:00Z,APBP008,SRP162779,2018-10-01T10:22:00Z,1,Model organism or animal,muscle,chick,not determined,APBP008,66.25 S 110.57 E,2012,,,,,,,,,,,,,,,,,,,,,,,,,,,,,,,,,,,,,,,,
SRR7911943,OTHER,221,1304728860,PRJNA493660,SAMN10140840,706404858,UNIVERSITY OF SOUTHAMPTON,public,"fastq,run.zq,sra","ncbi,gs,s3","ncbi.public,s3.us-east-1,gs.US",SRX4747032,Illumina HiSeq 2000,APBP011,PAIRED,Reduced Representation,GENOMIC,Pygoscelis adeliae,ILLUMINA,2018-10-05T00:00:00Z,APBP011,SRP162779,2018-10-01T10:19:00Z,1,Model organism or animal,muscle,chick,not determined,APBP011,66.25 S 110.57 E,2012,,,,,,,,,,,,,,,,,,,,,,,,,,,,,,,,,,,,,,,,
SRR7911944,OTHER,221,747577116,PRJNA493660,SAMN10140837,406454373,UNIVERSITY OF SOUTHAMPTON,public,"run.zq,fastq,sra","ncbi,s3,gs","gs.US,ncbi.public,s3.us-east-1",SRX4747031,Illumina HiSeq 2000,APBP002,PAIRED,Reduced Representation,GENOMIC,Pygoscelis adeliae,ILLUMINA,2018-10-05T00:00:00Z,APBP002,SRP162779,2018-10-01T10:03:00Z,1,Model organism or animal,muscle,chick,not determined,APBP002,66.25 S 110.57 E,2012,,,,,,,,,,,,,,,,,,,,,,,,,,,,,,,,,,,,,,,,
SRR7911945,OTHER,220,361633422,PRJNA493660,SAMN10140838,197734409,UNIVERSITY OF SOUTHAMPTON,public,"fastq,run.zq,sra","s3,gs,ncbi","s3.us-east-1,gs.US,ncbi.public",SRX4747030,Illumina HiSeq 2000,APBP004,PAIRED,Reduced Representation,GENOMIC,Pygoscelis adeliae,ILLUMINA,2018-10-05T00:00:00Z,APBP004,SRP162779,2018-10-01T09:51:00Z,1,Model organism or animal,muscle,chick,not determined,APBP004,66.25 S 110.57 E,2012,,,,,,,,,,,,,,,,,,,,,,,,,,,,,,,,,,,,,,,,
SRR7911946,OTHER,220,414235872,PRJNA493660,SAMN10140845,231948359,UNIVERSITY OF SOUTHAMPTON,public,"fastq,sra,run.zq","gs,s3,ncbi","gs.US,s3.us-east-1,ncbi.public",SRX4747029,Illumina HiSeq 2000,APBP016,PAIRED,Reduced Representation,GENOMIC,Pygoscelis adeliae,ILLUMINA,2018-10-05T00:00:00Z,APBP016,SRP162779,2018-10-01T09:55:00Z,1,Model organism or animal,muscle,chick,not determined,APBP016,66.25 S 110.57 E,2012,,,,,,,,,,,,,,,,,,,,,,,,,,,,,,,,,,,,,,,,
SRR7911947,OTHER,215,333085542,PRJNA493660,SAMN10140846,186702944,UNIVERSITY OF SOUTHAMPTON,public,"run.zq,fastq,sra","s3,ncbi,gs","s3.us-east-1,ncbi.public,gs.US",SRX4747028,Illumina HiSeq 2000,APBP018,PAIRED,Reduced Representation,GENOMIC,Pygoscelis adeliae,ILLUMINA,2018-10-05T00:00:00Z,APBP018,SRP162779,2018-10-01T09:53:00Z,1,Model organism or animal,muscle,chick,not determined,APBP018,66.25 S 110.57 E,2012,,,,,,,,,,,,,,,,,,,,,,,,,,,,,,,,,,,,,,,,
SRR7911949,OTHER,221,421133328,PRJNA493660,SAMN10140861,232251173,UNIVERSITY OF SOUTHAMPTON,public,"run.zq,fastq,sra","ncbi,s3,gs","gs.US,s3.us-east-1,ncbi.public",SRX4747026,Illumina HiSeq 2000,APBS007,PAIRED,Reduced Representation,GENOMIC,Pygoscelis adeliae,ILLUMINA,2018-10-05T00:00:00Z,APBS007,SRP162779,2018-10-01T09:52:00Z,1,Model organism or animal,blood,adult,not determined,APBS007,59.43 S 27.08 W,2010,,,,,,,,,,,,,,,,,,,,,,,,,,,,,,,,,,,,,,,,
SRR7911950,OTHER,222,392260662,PRJNA493660,SAMN10140862,213735799,UNIVERSITY OF SOUTHAMPTON,public,"fastq,sra,run.zq","ncbi,s3,gs","ncbi.public,gs.US,s3.us-east-1",SRX4747025,Illumina HiSeq 2000,APBS008,PAIRED,Reduced Representation,GENOMIC,Pygoscelis adeliae,ILLUMINA,2018-10-05T00:00:00Z,APBS008,SRP162779,2018-10-01T09:53:00Z,1,Model organism or animal,blood,adult,not determined,APBS008,59.43 S 27.08 W,2010,,,,,,,,,,,,,,,,,,,,,,,,,,,,,,,,,,,,,,,,
SRR7911951,OTHER,221,1345731126,PRJNA493660,SAMN10140863,735654965,UNIVERSITY OF SOUTHAMPTON,public,"sra,fastq,run.zq","s3,ncbi,gs","ncbi.public,s3.us-east-1,gs.US",SRX4747024,Illumina HiSeq 2000,APBS009,PAIRED,Reduced Representation,GENOMIC,Pygoscelis adeliae,ILLUMINA,2018-10-05T00:00:00Z,APBS009,SRP162779,2018-10-01T10:16:00Z,1,Model organism or animal,blood,adult,not determined,APBS009,59.43 S 27.08 W,2010,,,,,,,,,,,,,,,,,,,,,,,,,,,,,,,,,,,,,,,,
SRR7911954,OTHER,221,372951570,PRJNA493660,SAMN10140864,205299511,UNIVERSITY OF SOUTHAMPTON,public,"fastq,sra,run.zq","gs,ncbi,s3","gs.US,s3.us-east-1,ncbi.public",SRX4747021,Illumina HiSeq 2000,APBS011,PAIRED,Reduced Representation,GENOMIC,Pygoscelis adeliae,ILLUMINA,2018-10-05T00:00:00Z,APBS011,SRP162779,2018-10-01T09:54:00Z,1,Model organism or animal,blood,adult,not determined,APBS011,59.43 S 27.08 W,2010,,,,,,,,,,,,,,,,,,,,,,,,,,,,,,,,,,,,,,,,
SRR7911963,OTHER,222,1255305984,PRJNA493660,SAMN10140858,669682413,UNIVERSITY OF SOUTHAMPTON,public,"sra,fastq,run.zq","s3,ncbi,gs","s3.us-east-1,ncbi.public,gs.US",SRX4747012,Illumina HiSeq 2000,APBS004,PAIRED,Reduced Representation,GENOMIC,Pygoscelis adeliae,ILLUMINA,2018-10-05T00:00:00Z,APBS004,SRP162779,2018-10-01T10:16:00Z,1,Model organism or animal,blood,adult,not determined,APBS004,59.43 S 27.08 W,2010,,,,,,,,,,,,,,,,,,,,,,,,,,,,,,,,,,,,,,,,
SRR7911964,OTHER,222,1315722450,PRJNA493660,SAMN10140859,711411581,UNIVERSITY OF SOUTHAMPTON,public,"run.zq,sra,fastq","gs,s3,ncbi","gs.US,s3.us-east-1,ncbi.public",SRX4747011,Illumina HiSeq 2000,APBS005,PAIRED,Reduced Representation,GENOMIC,Pygoscelis adeliae,ILLUMINA,2018-10-05T00:00:00Z,APBS005,SRP162779,2018-10-01T10:15:00Z,1,Model organism or animal,blood,adult,not determined,APBS005,59.43 S 27.08 W,2010,,,,,,,,,,,,,,,,,,,,,,,,,,,,,,,,,,,,,,,,
SRR7911965,OTHER,222,1341581526,PRJNA493660,SAMN10140860,717364552,UNIVERSITY OF SOUTHAMPTON,public,"sra,fastq,run.zq","s3,ncbi,gs","gs.US,ncbi.public,s3.us-east-1",SRX4747010,Illumina HiSeq 2000,APBS006,PAIRED,Reduced Representation,GENOMIC,Pygoscelis adeliae,ILLUMINA,2018-10-05T00:00:00Z,APBS006,SRP162779,2018-10-01T10:16:00Z,1,Model organism or animal,blood,adult,not determined,APBS006,59.43 S 27.08 W,2010,,,,,,,,,,,,,,,,,,,,,,,,,,,,,,,,,,,,,,,,
SRR7911966,OTHER,222,843482466,PRJNA493660,SAMN10140870,465017783,UNIVERSITY OF SOUTHAMPTON,public,"sra,fastq,run.zq","ncbi,s3,gs","s3.us-east-1,gs.US,ncbi.public",SRX4747009,Illumina HiSeq 2000,APKG019,PAIRED,Reduced Representation,GENOMIC,Pygoscelis adeliae,ILLUMINA,2018-10-05T00:00:00Z,APKG019,SRP162779,2018-10-01T09:59:00Z,1,Model organism or animal,blood,adult,not determined,APKG019,62.16 S 58.44 W,2010,,,,,,,,,,,,,,,,,,,,,,,,,,,,,,,,,,,,,,,,
SRR7911967,OTHER,222,772339854,PRJNA493660,SAMN10140869,426804526,UNIVERSITY OF SOUTHAMPTON,public,"sra,run.zq,fastq","ncbi,gs,s3","ncbi.public,gs.US,s3.us-east-1",SRX4747008,Illumina HiSeq 2000,APKG015,PAIRED,Reduced Representation,GENOMIC,Pygoscelis adeliae,ILLUMINA,2018-10-05T00:00:00Z,APKG015,SRP162779,2018-10-01T10:05:00Z,1,Model organism or animal,blood,adult,not determined,APKG015,62.16 S 58.44 W,2010,,,,,,,,,,,,,,,,,,,,,,,,,,,,,,,,,,,,,,,,
SRR7911968,OTHER,220,1293082848,PRJNA493660,SAMN10140868,683781639,UNIVERSITY OF SOUTHAMPTON,public,"sra,run.zq,fastq","ncbi,s3,gs","gs.US,s3.us-east-1,ncbi.public",SRX4747007,Illumina HiSeq 2000,APBS019,PAIRED,Reduced Representation,GENOMIC,Pygoscelis adeliae,ILLUMINA,2018-10-05T00:00:00Z,APBS019,SRP162779,2018-10-01T10:15:00Z,1,Model organism or animal,blood,adult,not determined,APBS019,59.43 S 27.08 W,2010,,,,,,,,,,,,,,,,,,,,,,,,,,,,,,,,,,,,,,,,
SRR7911969,OTHER,220,1195370142,PRJNA493660,SAMN10140867,645476835,UNIVERSITY OF SOUTHAMPTON,public,"run.zq,sra,fastq","ncbi,s3,gs","ncbi.public,gs.US,s3.us-east-1",SRX4747006,Illumina HiSeq 2000,APBS017,PAIRED,Reduced Representation,GENOMIC,Pygoscelis adeliae,ILLUMINA,2018-10-05T00:00:00Z,APBS017,SRP162779,2018-10-01T10:13:00Z,1,Model organism or animal,blood,adult,not determined,APBS017,59.43 S 27.08 W,2010,,,,,,,,,,,,,,,,,,,,,,,,,,,,,,,,,,,,,,,,
SRR7911970,OTHER,222,877564020,PRJNA493660,SAMN10140874,481565287,UNIVERSITY OF SOUTHAMPTON,public,"fastq,sra,run.zq","ncbi,s3,gs","s3.us-east-1,ncbi.public,gs.US",SRX4747005,Illumina HiSeq 2000,APKG023,PAIRED,Reduced Representation,GENOMIC,Pygoscelis adeliae,ILLUMINA,2018-10-05T00:00:00Z,APKG023,SRP162779,2018-10-01T10:00:00Z,1,Model organism or animal,blood,adult,not determined,APKG023,62.16 S 58.44 W,2010,,,,,,,,,,,,,,,,,,,,,,,,,,,,,,,,,,,,,,,,
SRR7911971,OTHER,222,1105033692,PRJNA493660,SAMN10140873,600279654,UNIVERSITY OF SOUTHAMPTON,public,"sra,fastq,run.zq","s3,gs,ncbi","gs.US,ncbi.public,s3.us-east-1",SRX4747004,Illumina HiSeq 2000,APKG022,PAIRED,Reduced Representation,GENOMIC,Pygoscelis adeliae,ILLUMINA,2018-10-05T00:00:00Z,APKG022,SRP162779,2018-10-01T10:13:00Z,1,Model organism or animal,blood,adult,not determined,APKG022,62.16 S 58.44 W,2010,,,,,,,,,,,,,,,,,,,,,,,,,,,,,,,,,,,,,,,,
SRR7911972,OTHER,222,1243306800,PRJNA493660,SAMN10140872,680837699,UNIVERSITY OF SOUTHAMPTON,public,"sra,fastq,run.zq","ncbi,s3,gs","s3.us-east-1,gs.US,ncbi.public",SRX4747003,Illumina HiSeq 2000,APKG021,PAIRED,Reduced Representation,GENOMIC,Pygoscelis adeliae,ILLUMINA,2018-10-05T00:00:00Z,APKG021,SRP162779,2018-10-01T10:06:00Z,1,Model organism or animal,blood,adult,not determined,APKG021,62.16 S 58.44 W,2010,,,,,,,,,,,,,,,,,,,,,,,,,,,,,,,,,,,,,,,,
SRR7911973,OTHER,222,423805032,PRJNA493660,SAMN10140871,233595434,UNIVERSITY OF SOUTHAMPTON,public,"run.zq,fastq,sra","ncbi,s3,gs","ncbi.public,s3.us-east-1,gs.US",SRX4747002,Illumina HiSeq 2000,APKG020,PAIRED,Reduced Representation,GENOMIC,Pygoscelis adeliae,ILLUMINA,2018-10-05T00:00:00Z,APKG020,SRP162779,2018-10-01T09:57:00Z,1,Model organism or animal,blood,adult,not determined,APKG020,62.16 S 58.44 W,2010,,,,,,,,,,,,,,,,,,,,,,,,,,,,,,,,,,,,,,,,
SRR7911974,OTHER,222,611181930,PRJNA493660,SAMN10140876,337391327,UNIVERSITY OF SOUTHAMPTON,public,"run.zq,sra,fastq","ncbi,s3,gs","ncbi.public,s3.us-east-1,gs.US",SRX4747001,Illumina HiSeq 2000,APKG025,PAIRED,Reduced Representation,GENOMIC,Pygoscelis adeliae,ILLUMINA,2018-10-05T00:00:00Z,APKG025,SRP162779,2018-10-01T09:56:00Z,1,Model organism or animal,blood,adult,not determined,APKG025,62.16 S 58.44 W,2010,,,,,,,,,,,,,,,,,,,,,,,,,,,,,,,,,,,,,,,,
SRR7911975,OTHER,222,840212034,PRJNA493660,SAMN10140875,465626999,UNIVERSITY OF SOUTHAMPTON,public,"run.zq,sra,fastq","s3,ncbi,gs","ncbi.public,gs.US,s3.us-east-1",SRX4747000,Illumina HiSeq 2000,APKG024,PAIRED,Reduced Representation,GENOMIC,Pygoscelis adeliae,ILLUMINA,2018-10-05T00:00:00Z,APKG024,SRP162779,2018-10-01T09:59:00Z,1,Model organism or animal,blood,adult,not determined,APKG024,62.16 S 58.44 W,2010,,,,,,,,,,,,,,,,,,,,,,,,,,,,,,,,,,,,,,,,
SRR7911978,OTHER,222,1114244550,PRJNA493660,SAMN10140884,624965781,UNIVERSITY OF SOUTHAMPTON,public,"fastq,sra,run.zq","ncbi,gs,s3","gs.US,ncbi.public,s3.us-east-1",SRX4746997,Illumina HiSeq 2000,APPI072,PAIRED,Reduced Representation,GENOMIC,Pygoscelis adeliae,ILLUMINA,2018-10-05T00:00:00Z,APPI072,SRP162779,2018-10-01T10:12:00Z,1,Model organism or animal,blood,chick,not determined,APPI072,65.17 S 64.14 W,2013,,,,,,,,,,,,,,,,,,,,,,,,,,,,,,,,,,,,,,,,
SRR17072928,WGS,200,48821470200,PRJNA767781,SAMN21971486,30100206767,UNIVERSITY OF COPENHAGEN,public,"sra,run.zq,fastq","s3,ncbi,gs","s3.us-east-1,gs.US,ncbi.public",SRX13261145,BGISEQ-500,CL100081908_L02_541-548,PAIRED,RANDOM,GENOMIC,Pygoscelis adeliae,BGISEQ,2022-12-27T00:00:00Z,ad.peng_3,SRP348604,2023-06-13T09:30:00Z,2,Model organism or animal,Whole blood,,missing,,,2018-05-28,Adult,,,,Judy St. Leger,not collected,,,,,,,,,,,,,not known 96,,,,,,,,,,,,,,,,,,,,,
SRR17072929,WGS,200,49294195400,PRJNA767781,SAMN21971486,30490463726,UNIVERSITY OF COPENHAGEN,public,"run.zq,sra,fastq","ncbi,gs,s3","s3.us-east-1,gs.US,ncbi.public",SRX13261144,BGISEQ-500,CL100081908_L01_541-548,PAIRED,RANDOM,GENOMIC,Pygoscelis adeliae,BGISEQ,2022-12-27T00:00:00Z,ad.peng_3,SRP348604,2023-06-13T09:23:00Z,2,Model organism or animal,Whole blood,,missing,,,2018-05-28,Adult,,,,Judy St. Leger,not collected,,,,,,,,,,,,,not known 96,,,,,,,,,,,,,,,,,,,,,
SRR17072930,WGS,200,50874888400,PRJNA767781,SAMN21971485,31330581417,UNIVERSITY OF COPENHAGEN,public,"run.zq,sra,fastq","ncbi,s3,gs","ncbi.public,s3.us-east-1,gs.US",SRX13261143,BGISEQ-500,CL100081908_L02_533-540,PAIRED,RANDOM,GENOMIC,Pygoscelis adeliae,BGISEQ,2022-12-27T00:00:00Z,ad.peng_2,SRP348604,2023-06-13T09:39:00Z,2,Model organism or animal,Whole blood,,female,,,2018-05-28,Adult,,,,Judy St. Leger,not collected,,,,,,,,,,,,,not known 95,,,,,,,,,,,,,,,,,,,,,
SRR17072931,WGS,200,51634842400,PRJNA767781,SAMN21971485,31897413721,UNIVERSITY OF COPENHAGEN,public,"run.zq,sra,fastq","ncbi,gs,s3","ncbi.public,gs.US,s3.us-east-1",SRX13261142,BGISEQ-500,CL100081908_L01_533-540,PAIRED,RANDOM,GENOMIC,Pygoscelis adeliae,BGISEQ,2022-12-27T00:00:00Z,ad.peng_2,SRP348604,2023-06-13T08:33:00Z,2,Model organism or animal,Whole blood,,female,,,2018-05-28,Adult,,,,Judy St. Leger,not collected,,,,,,,,,,,,,not known 95,,,,,,,,,,,,,,,,,,,,,
SRR17072932,WGS,200,51313245400,PRJNA767781,SAMN21971484,31559607586,UNIVERSITY OF COPENHAGEN,public,"sra,fastq,run.zq","gs,ncbi,s3","s3.us-east-1,gs.US,ncbi.public",SRX13261141,BGISEQ-500,CL100081908_L02_509-516,PAIRED,RANDOM,GENOMIC,Pygoscelis adeliae,BGISEQ,2022-12-27T00:00:00Z,ad.peng_1,SRP348604,2023-06-13T08:59:00Z,2,Model organism or animal,Whole blood,,male,,,2018-05-28,Adult,,,,Judy St. Leger,not collected,,,,,,,,,,,,,not known 94,,,,,,,,,,,,,,,,,,,,,
SRR17072934,WGS,200,51808704600,PRJNA767781,SAMN21971484,31971610953,UNIVERSITY OF COPENHAGEN,public,"fastq,run.zq,sra","gs,s3,ncbi","s3.us-east-1,ncbi.public,gs.US",SRX13261139,BGISEQ-500,CL100081908_L01_509-516,PAIRED,RANDOM,GENOMIC,Pygoscelis adeliae,BGISEQ,2022-12-27T00:00:00Z,ad.peng_1,SRP348604,2023-06-13T08:08:00Z,2,Model organism or animal,Whole blood,,male,,,2018-05-28,Adult,,,,Judy St. Leger,not collected,,,,,,,,,,,,,not known 94,,,,,,,,,,,,,,,,,,,,,
SRR1144992,WGS,200,10896168400,PRJNA235983,SAMN02596601,6357091572,BGI,public,"run.zq,sra,fastq","gs,ncbi,s3","s3.us-east-1,gs.US,ncbi.public",SRX450209,Illumina Genome Analyzer II,PENbadDAADIAAPE,PAIRED,PCR,GENOMIC,Pygoscelis adeliae,ILLUMINA,2015-07-22T00:00:00Z,BGI-BGI_AS28,SRP035856,2015-12-15T13:32:00Z,2,,,,male,BGI_AS28,,,,,,,,,,,,,,,,100,BGI,Antarctica,FC2027FABXX,10896168400,,,,,,,,,,,,,,,,,,,,,,
SRR1144993,WGS,200,12059218200,PRJNA235983,SAMN02596601,7270313423,BGI,public,"sra,run.zq,fastq","gs,ncbi,s3","gs.US,s3.us-east-1,ncbi.public",SRX450210,Illumina Genome Analyzer II,PENbadDAADMAAPE,PAIRED,PCR,GENOMIC,Pygoscelis adeliae,ILLUMINA,2015-07-22T00:00:00Z,BGI-BGI_AS28,SRP035856,2015-12-15T13:38:00Z,2,,,,male,BGI_AS28,,,,,,,,,,,,,,,,100,BGI,Antarctica,FC2027FABXX,12059218200,,,,,,,,,,,,,,,,,,,,,,
SRR1144994,WGS,200,12820494400,PRJNA235983,SAMN02596601,7565743503,BGI,public,"run.zq,fastq,sra","ncbi,s3,gs","s3.us-east-1,ncbi.public,gs.US",SRX450211,Illumina Genome Analyzer II,PENbadDAADBADPE,PAIRED,PCR,GENOMIC,Pygoscelis adeliae,ILLUMINA,2015-07-22T00:00:00Z,BGI-BGI_AS28,SRP035856,2015-12-15T13:37:00Z,2,,,,male,BGI_AS28,,,,,,,,,,,,,,,,100,BGI,Antarctica,FC2027FABXX,12820494400,,,,,,,,,,,,,,,,,,,,,,
SRR1144995,WGS,200,10375391200,PRJNA235983,SAMN02596601,6170855913,BGI,public,"run.zq,sra,fastq","gs,ncbi,s3","s3.us-east-1,gs.US,ncbi.public",SRX450212,Illumina Genome Analyzer II,PENbadDAADBAEPE,PAIRED,PCR,GENOMIC,Pygoscelis adeliae,ILLUMINA,2015-07-22T00:00:00Z,BGI-BGI_AS28,SRP035856,2015-12-15T13:33:00Z,2,,,,male,BGI_AS28,,,,,,,,,,,,,,,,100,BGI,Antarctica,FC20271ABXX,10375391200,,,,,,,,,,,,,,,,,,,,,,
SRR1144996,WGS,200,13934006400,PRJNA235983,SAMN02596601,9063934590,BGI,public,"run.zq,fastq,sra","ncbi,s3,gs","gs.US,s3.us-east-1,ncbi.public",SRX450213,Illumina Genome Analyzer II,PENbadDAADIAAPE,PAIRED,PCR,GENOMIC,Pygoscelis adeliae,ILLUMINA,2015-07-22T00:00:00Z,BGI-BGI_AS28,SRP035856,2015-12-15T13:40:00Z,2,,,,male,BGI_AS28,,,,,,,,,,,,,,,,100,BGI,Antarctica,FC2024EABXX,13934006400,,,,,,,,,,,,,,,,,,,,,,
SRR1144997,WGS,180,12167843040,PRJNA235983,SAMN02596601,7826654422,BGI,public,"fastq,sra,run.zq","ncbi,s3,gs","s3.us-east-1,ncbi.public,gs.US",SRX450214,Illumina Genome Analyzer II,PENksiDAIDTAAPE,PAIRED,PCR,GENOMIC,Pygoscelis adeliae,ILLUMINA,2015-07-22T00:00:00Z,BGI-BGI_AS28,SRP035856,2015-12-15T13:37:00Z,2,,,,male,BGI_AS28,,,,,,,,,,,,,,,,90,BGI,Antarctica,FC206U8ABXX,12167843040,,,,,,,,,,,,,,,,,,,,,,
SRR1144998,WGS,180,17779009320,PRJNA235983,SAMN02596601,11773785668,BGI,public,"run.zq,fastq,sra","s3,gs,ncbi","ncbi.public,gs.US,s3.us-east-1",SRX450215,Illumina Genome Analyzer II,PENksiDAIDUAAPE,PAIRED,PCR,GENOMIC,Pygoscelis adeliae,ILLUMINA,2015-07-22T00:00:00Z,BGI-BGI_AS28,SRP035856,2015-12-15T13:48:00Z,2,,,,male,BGI_AS28,,,,,,,,,,,,,,,,90,BGI,Antarctica,FC206U8ABXX,17779009320,,,,,,,,,,,,,,,,,,,,,,
SRR1144999,WGS,180,13006809900,PRJNA235983,SAMN02596601,8384852481,BGI,public,"run.zq,sra,fastq","ncbi,gs,s3","s3.us-east-1,gs.US,ncbi.public",SRX450216,Illumina Genome Analyzer II,PENksiDAIDLAAPE,PAIRED,PCR,GENOMIC,Pygoscelis adeliae,ILLUMINA,2015-07-22T00:00:00Z,BGI-BGI_AS28,SRP035856,2015-12-15T13:46:00Z,2,,,,male,BGI_AS28,,,,,,,,,,,,,,,,90,BGI,Antarctica,FC206U8ABXX,13006809900,,,,,,,,,,,,,,,,,,,,,,
SRR1145000,WGS,180,12930063480,PRJNA235983,SAMN02596601,8284317086,BGI,public,"run.zq,fastq,sra","s3,ncbi,gs","ncbi.public,gs.US,s3.us-east-1",SRX450217,Illumina Genome Analyzer II,PENksiDAHDWAAPE,PAIRED,PCR,GENOMIC,Pygoscelis adeliae,ILLUMINA,2015-07-22T00:00:00Z,BGI-BGI_AS28,SRP035856,2015-12-15T13:39:00Z,2,,,,male,BGI_AS28,,,,,,,,,,,,,,,,90,BGI,Antarctica,FC206U8ABXX,12930063480,,,,,,,,,,,,,,,,,,,,,,
SRR1145001,WGS,98,7472597608,PRJNA235983,SAMN02596601,4251752977,BGI,public,"sra,fastq,run.zq","s3,ncbi,gs","s3.us-east-1,gs.US,ncbi.public",SRX450218,Illumina Genome Analyzer II,PENksiDAHDWAAPE,PAIRED,PCR,GENOMIC,Pygoscelis adeliae,ILLUMINA,2015-07-22T00:00:00Z,BGI-BGI_AS28,SRP035856,2015-12-15T13:37:00Z,2,,,,male,BGI_AS28,,,,,,,,,,,,,,,,49,BGI,Antarctica,FC2083KABXX,7472597608,,,,,,,,,,,,,,,,,,,,,,
SRR1145002,WGS,180,2205515520,PRJNA235983,SAMN02596601,1292735301,BGI,public,"run.zq,sra,fastq","s3,gs,ncbi","gs.US,s3.us-east-1,ncbi.public",SRX450219,Illumina Genome Analyzer II,PENksiDAADFAAPEI-7,PAIRED,PCR,GENOMIC,Pygoscelis adeliae,ILLUMINA,2015-07-22T00:00:00Z,BGI-BGI_AS28,SRP035856,2015-12-15T13:13:00Z,2,,,,male,BGI_AS28,,,,,,,,,,,,,,,,90,BGI,Antarctica,FC808LDABXX,2205515520,,,,,,,,,,,,,,,,,,,,,,
SRR1145003,WGS,98,5767709542,PRJNA235983,SAMN02596601,3064437278,BGI,public,"run.zq,sra,fastq","gs,s3,ncbi","s3.us-east-1,gs.US,ncbi.public",SRX450220,Illumina Genome Analyzer II,030MATEP04AIDVAAPE,PAIRED,PCR,GENOMIC,Pygoscelis adeliae,ILLUMINA,2015-07-22T00:00:00Z,BGI-BGI_AS28,SRP035856,2015-12-15T13:29:00Z,2,,,,male,BGI_AS28,,,,,,,,,,,,,,,,49,BGI,Antarctica,FC80DWVABXX,5767709542,,,,,,,,,,,,,,,,,,,,,,
SRR1145004,WGS,200,16787073600,PRJNA235983,SAMN02596601,9910817430,BGI,public,"sra,run.zq,fastq","ncbi,gs,s3","ncbi.public,s3.us-east-1,gs.US",SRX450221,Illumina Genome Analyzer II,PENwsbDAADBABPE,PAIRED,PCR,GENOMIC,Pygoscelis adeliae,ILLUMINA,2015-07-22T00:00:00Z,BGI-BGI_AS28,SRP035856,2015-12-11T20:44:00Z,2,,,,male,BGI_AS28,,,,,,,,,,,,,,,,100,BGI,Antarctica,FC80B0TABXX,16787073600,,,,,,,,,,,,,,,,,,,,,,
SRR1145005,WGS,200,16541153200,PRJNA235983,SAMN02596601,9536142800,BGI,public,"fastq,run.zq,sra","ncbi,s3,gs","s3.us-east-1,ncbi.public,gs.US",SRX450222,Illumina Genome Analyzer II,PENwsbDAADBAAPE,PAIRED,PCR,GENOMIC,Pygoscelis adeliae,ILLUMINA,2015-07-22T00:00:00Z,BGI-BGI_AS28,SRP035856,2015-12-11T20:28:00Z,2,,,,male,BGI_AS28,,,,,,,,,,,,,,,,100,BGI,Antarctica,FC80PCYABXX,16541153200,,,,,,,,,,,,,,,,,,,,,,
SRR1145006,WGS,200,15260909200,PRJNA235983,SAMN02596601,8724520213,BGI,public,"sra,fastq","ncbi,gs,s3","s3.us-east-1,gs.US,ncbi.public",SRX450223,Illumina Genome Analyzer II,PENwsbDAADBCAPE,PAIRED,PCR,GENOMIC,Pygoscelis adeliae,ILLUMINA,2015-07-22T00:00:00Z,BGI-BGI_AS28,SRP035856,2015-09-14T07:15:00Z,2,,,,male,BGI_AS28,,,,,,,,,,,,,,,,100,BGI,Antarctica,FC80E6MABXX,15260909200,,,,,,,,,,,,,,,,,,,,,,
SRR1145007,WGS,200,16253112600,PRJNA235983,SAMN02596601,9758760899,BGI,public,"sra,fastq","s3,gs,ncbi","ncbi.public,s3.us-east-1,gs.US",SRX450224,Illumina Genome Analyzer II,PENwsbDAADBDAPE,PAIRED,PCR,GENOMIC,Pygoscelis adeliae,ILLUMINA,2015-07-22T00:00:00Z,BGI-BGI_AS28,SRP035856,2015-09-14T07:04:00Z,2,,,,male,BGI_AS28,,,,,,,,,,,,,,,,100,BGI,Antarctica,FC80EJUABXX,16253112600,,,,,,,,,,,,,,,,,,,,,,
SRR1523833,WGS,181,44274791979,PRJNA210803,SAMN02864174,24443759063,GRIFFITH UNIVERSITY,public,"run.zq,bam,sra","gs,ncbi,s3","ncbi.public,gs.US,s3.us-east-1",SRX660598,Illumina HiSeq 2000,CA1.T401,PAIRED,RANDOM,GENOMIC,Pygoscelis adeliae,ILLUMINA,2015-07-09T00:00:00Z,CA1,SRP026626,2014-07-31T09:47:00Z,1,Model organism or animal,blood,modern,,,,,,,,,blood,Pygoscelis adeliae,uncalculated,uncalculated,Antarctica: Cape Adare,adelie,CA1.T401,Seutin buffer,Pygoscelis adeliae,,,,,,,,,,,,,,,,,,,,,,,,,,,
SRR1523834,WGS,182,33821304128,PRJNA210803,SAMN02864175,17831570886,GRIFFITH UNIVERSITY,public,"sra,run.zq,bam","s3,ncbi,gs","gs.US,ncbi.public,s3.us-east-1",SRX660599,Illumina HiSeq 2000,CA3.T415,PAIRED,RANDOM,GENOMIC,Pygoscelis adeliae,ILLUMINA,2015-07-09T00:00:00Z,CA3,SRP026626,2014-07-31T09:31:00Z,1,Model organism or animal,blood,modern,,,,,,,,,blood,Pygoscelis adeliae,uncalculated,uncalculated,Antarctica: Cape Adare,adelie,CA3.T415,Seutin buffer,Pygoscelis adeliae,,,,,,,,,,,,,,,,,,,,,,,,,,,
SRR1523835,WGS,184,37942826549,PRJNA210803,SAMN02864176,19853535843,GRIFFITH UNIVERSITY,public,"run.zq,sra,bam","gs,ncbi,s3","s3.us-east-1,gs.US,ncbi.public",SRX660600,Illumina HiSeq 2000,CA5.T409,PAIRED,RANDOM,GENOMIC,Pygoscelis adeliae,ILLUMINA,2015-07-09T00:00:00Z,CA5,SRP026626,2014-07-31T09:39:00Z,1,Model organism or animal,blood,modern,,,,,,,,,blood,Pygoscelis adeliae,uncalculated,uncalculated,Antarctica: Cape Adare,adelie,CA5.T409,Seutin buffer,Pygoscelis adeliae,,,,,,,,,,,,,,,,,,,,,,,,,,,
SRR1523836,WGS,181,31912309927,PRJNA210803,SAMN02864177,15100064399,GRIFFITH UNIVERSITY,public,"sra,run.zq,bam","ncbi,gs,s3","s3.us-east-1,gs.US,ncbi.public",SRX660601,Illumina HiSeq 2000,CB1.T526,PAIRED,RANDOM,GENOMIC,Pygoscelis adeliae,ILLUMINA,2015-07-09T00:00:00Z,CB1,SRP026626,2014-07-31T09:29:00Z,1,Model organism or animal,blood,modern,,,,,,,,,blood,Pygoscelis adeliae,uncalculated,uncalculated,Antarctica: Cape Bird,adelie,CB1.T526,Seutin buffer,Pygoscelis adeliae,,,,,,,,,,,,,,,,,,,,,,,,,,,
SRR1523837,WGS,183,35319983731,PRJNA210803,SAMN02864178,17195294535,GRIFFITH UNIVERSITY,public,"sra,bam,run.zq","s3,gs,ncbi","gs.US,s3.us-east-1,ncbi.public",SRX660602,Illumina HiSeq 2000,CB2.T528,PAIRED,RANDOM,GENOMIC,Pygoscelis adeliae,ILLUMINA,2015-07-09T00:00:00Z,CB2,SRP026626,2014-07-31T09:35:00Z,1,Model organism or animal,blood,modern,,,,,,,,,blood,Pygoscelis adeliae,uncalculated,uncalculated,Antarctica: Cape Bird,adelie,CB2.T528,Seutin buffer,Pygoscelis adeliae,,,,,,,,,,,,,,,,,,,,,,,,,,,
SRR1523838,WGS,181,34144235808,PRJNA210803,SAMN02864179,17537397325,GRIFFITH UNIVERSITY,public,"run.zq,sra,bam","gs,ncbi,s3","ncbi.public,s3.us-east-1,gs.US",SRX660603,Illumina HiSeq 2000,CB4.T525,PAIRED,RANDOM,GENOMIC,Pygoscelis adeliae,ILLUMINA,2015-07-09T00:00:00Z,CB4,SRP026626,2014-07-31T09:37:00Z,1,Model organism or animal,blood,modern,,,,,,,,,blood,Pygoscelis adeliae,uncalculated,uncalculated,Antarctica: Cape Bird,adelie,CB4.T525,Seutin buffer,Pygoscelis adeliae,,,,,,,,,,,,,,,,,,,,,,,,,,,
SRR1523839,WGS,182,31794081913,PRJNA210803,SAMN02864180,15038376099,GRIFFITH UNIVERSITY,public,"run.zq,bam,sra","ncbi,s3,gs","gs.US,ncbi.public,s3.us-east-1",SRX660604,Illumina HiSeq 2000,II2.T3,PAIRED,RANDOM,GENOMIC,Pygoscelis adeliae,ILLUMINA,2015-07-09T00:00:00Z,II2,SRP026626,2014-07-31T09:52:00Z,1,Model organism or animal,blood,modern,,,,,,,,,blood,Pygoscelis adeliae,uncalculated,uncalculated,Antarctica: Inexpressible Island,adelie,II2.T3,Seutin buffer,Pygoscelis adeliae,,,,,,,,,,,,,,,,,,,,,,,,,,,
SRR1523840,WGS,185,34733658115,PRJNA210803,SAMN02864181,17361249292,GRIFFITH UNIVERSITY,public,"sra,run.zq,bam","ncbi,gs,s3","s3.us-east-1,ncbi.public,gs.US",SRX660605,Illumina HiSeq 2000,I4.T2,PAIRED,RANDOM,GENOMIC,Pygoscelis adeliae,ILLUMINA,2015-07-09T00:00:00Z,II4,SRP026626,2014-07-31T09:49:00Z,1,Model organism or animal,blood,modern,,,,,,,,,blood,Pygoscelis adeliae,uncalculated,uncalculated,Antarctica: Inexpressible Island,adelie,II4.T2,Seutin buffer,Pygoscelis adeliae,,,,,,,,,,,,,,,,,,,,,,,,,,,
SRR1523841,WGS,180,35786750848,PRJNA210803,SAMN02864182,19547966671,GRIFFITH UNIVERSITY,public,"bam,sra,run.zq","gs,s3,ncbi","ncbi.public,gs.US,s3.us-east-1",SRX660606,Illumina HiSeq 2000,II5.T15,PAIRED,RANDOM,GENOMIC,Pygoscelis adeliae,ILLUMINA,2015-07-09T00:00:00Z,II5,SRP026626,2014-07-31T09:38:00Z,1,Model organism or animal,blood,modern,,,,,,,,,blood,Pygoscelis adeliae,uncalculated,uncalculated,Antarctica: Inexpressible Island,adelie,II5.T15,Seutin buffer,Pygoscelis adeliae,,,,,,,,,,,,,,,,,,,,,,,,,,,
SRR1523842,WGS,184,43659036624,PRJNA210803,SAMN02864183,23084891346,GRIFFITH UNIVERSITY,public,"bam,run.zq,sra","ncbi,s3,gs","gs.US,ncbi.public,s3.us-east-1",SRX660607,Illumina HiSeq 2000,AP1.961174,PAIRED,RANDOM,GENOMIC,Pygoscelis adeliae,ILLUMINA,2015-07-09T00:00:00Z,AP1,SRP026626,2014-07-31T10:12:00Z,1,Model organism or animal,blood,modern,,,,,,,,,blood,Pygoscelis adeliae,uncalculated,uncalculated,Antarctic Peninsula,adelie,AP1 (AP.961174),Seutin buffer,Pygoscelis adeliae,,,,,,,,,,,,,,,,,,,,,,,,,,,
SRR1523843,WGS,183,43504139995,PRJNA210803,SAMN02864184,22737875090,GRIFFITH UNIVERSITY,public,"bam,run.zq,sra","gs,s3,ncbi","ncbi.public,gs.US,s3.us-east-1",SRX660608,Illumina HiSeq 2000,AP2.961175,PAIRED,RANDOM,GENOMIC,Pygoscelis adeliae,ILLUMINA,2015-07-09T00:00:00Z,AP2,SRP026626,2014-07-31T10:14:00Z,1,Model organism or animal,blood,modern,,,,,,,,,blood,Pygoscelis adeliae,uncalculated,uncalculated,Antarctic Peninsula,adelie,AP2 (AP.961175),Seutin buffer,Pygoscelis adeliae,,,,,,,,,,,,,,,,,,,,,,,,,,,
SRR1523844,WGS,185,38522325256,PRJNA210803,SAMN02864185,19429780677,GRIFFITH UNIVERSITY,public,"bam,sra,run.zq","gs,ncbi,s3","ncbi.public,gs.US,s3.us-east-1",SRX660609,Illumina HiSeq 2000,AP3.961168,PAIRED,RANDOM,GENOMIC,Pygoscelis adeliae,ILLUMINA,2015-07-09T00:00:00Z,AP3,SRP026626,2014-07-31T09:54:00Z,1,Model organism or animal,blood,modern,,,,,,,,,blood,Pygoscelis adeliae,uncalculated,uncalculated,Antarctic Peninsula,adelie,AP3 (AP.961168),Seutin buffer,Pygoscelis adeliae,,,,,,,,,,,,,,,,,,,,,,,,,,,
SRR1523845,WGS,183,44289680512,PRJNA210803,SAMN02864186,24238908964,GRIFFITH UNIVERSITY,public,"bam,sra,run.zq","s3,ncbi,gs","gs.US,ncbi.public,s3.us-east-1",SRX660610,Illumina HiSeq 2000,AP5.961194,PAIRED,RANDOM,GENOMIC,Pygoscelis adeliae,ILLUMINA,2015-07-09T00:00:00Z,AP5,SRP026626,2014-07-31T10:08:00Z,1,Model organism or animal,blood,modern,,,,,,,,,blood,Pygoscelis adeliae,uncalculated,uncalculated,Antarctic Peninsula,adelie,AP5 (AP.961194),Seutin buffer,Pygoscelis adeliae,,,,,,,,,,,,,,,,,,,,,,,,,,,
SRR1523846,WGS,183,42441845598,PRJNA210803,SAMN02864187,23407596515,GRIFFITH UNIVERSITY,public,"run.zq,bam,sra","ncbi,s3,gs","s3.us-east-1,ncbi.public,gs.US",SRX660611,Illumina HiSeq 2000,AP6.961205,PAIRED,RANDOM,GENOMIC,Pygoscelis adeliae,ILLUMINA,2015-07-09T00:00:00Z,AP6,SRP026626,2014-07-31T10:09:00Z,1,Model organism or animal,blood,modern,,,,,,,,,blood,Pygoscelis adeliae,uncalculated,uncalculated,Antarctic Peninsula,adelie,AP6 (AP.961205),Seutin buffer,Pygoscelis adeliae,,,,,,,,,,,,,,,,,,,,,,,,,,,
SRR1523847,WGS,186,30360774641,PRJNA210803,SAMN02864188,15877703631,GRIFFITH UNIVERSITY,public,"run.zq,bam,sra","s3,gs,ncbi","ncbi.public,s3.us-east-1,gs.US",SRX660612,Illumina HiSeq 2000,B2a,PAIRED,RANDOM,GENOMIC,Pygoscelis adeliae,ILLUMINA,2015-07-09T00:00:00Z,B2a,SRP026626,2014-07-31T09:38:00Z,1,Model organism or animal,muscle tissue,modern,,,,,,,,,muscle tissue,Pygoscelis adeliae,uncalculated,uncalculated,Antarctica: Mawson,adelie,B2a,Seutin buffer,Pygoscelis adeliae,,,,,,,,,,,,,,,,,,,,,,,,,,,
SRR1523848,WGS,185,30801222372,PRJNA210803,SAMN02864189,15379961823,GRIFFITH UNIVERSITY,public,"sra,bam,run.zq","gs,s3,ncbi","s3.us-east-1,gs.US,ncbi.public",SRX660613,Illumina HiSeq 2000,B3a,PAIRED,RANDOM,GENOMIC,Pygoscelis adeliae,ILLUMINA,2015-07-09T00:00:00Z,B3a,SRP026626,2014-07-31T09:43:00Z,1,Model organism or animal,muscle tissue,modern,,,,,,,,,muscle tissue,Pygoscelis adeliae,uncalculated,uncalculated,Antarctica: Mawson,adelie,B3a,Seutin buffer,Pygoscelis adeliae,,,,,,,,,,,,,,,,,,,,,,,,,,,
SRR1523849,WGS,183,29028527247,PRJNA210803,SAMN02864190,15157115476,GRIFFITH UNIVERSITY,public,"sra,run.zq,bam","s3,ncbi,gs","ncbi.public,gs.US,s3.us-east-1",SRX660614,Illumina HiSeq 2000,B4a,PAIRED,RANDOM,GENOMIC,Pygoscelis adeliae,ILLUMINA,2015-07-09T00:00:00Z,B4a,SRP026626,2014-07-31T09:31:00Z,1,Model organism or animal,muscle tissue,modern,,,,,,,,,muscle tissue,Pygoscelis adeliae,uncalculated,uncalculated,Antarctica: Mawson,adelie,B4a,Seutin buffer,Pygoscelis adeliae,,,,,,,,,,,,,,,,,,,,,,,,,,,
SRR1523850,WGS,179,29665955120,PRJNA210803,SAMN02864191,15728681374,GRIFFITH UNIVERSITY,public,"bam,run.zq,sra","s3,gs,ncbi","s3.us-east-1,ncbi.public,gs.US",SRX660615,Illumina HiSeq 2000,B5a,PAIRED,RANDOM,GENOMIC,Pygoscelis adeliae,ILLUMINA,2015-07-09T00:00:00Z,B5a,SRP026626,2014-07-31T09:44:00Z,1,Model organism or animal,muscle tissue,modern,,,,,,,,,muscle tissue,Pygoscelis adeliae,uncalculated,uncalculated,Antarctica: Mawson,adelie,B5a,Seutin buffer,Pygoscelis adeliae,,,,,,,,,,,,,,,,,,,,,,,,,,,
SRR1523851,WGS,199,38244622866,PRJNA210803,SAMN02864192,19800444290,GRIFFITH UNIVERSITY,public,"bam,sra,run.zq","s3,gs,ncbi","s3.us-east-1,gs.US,ncbi.public",SRX660616,Illumina HiSeq 2000,CLA_18,PAIRED,RANDOM,GENOMIC,Pygoscelis adeliae,ILLUMINA,2015-07-09T00:00:00Z,CLA_18,SRP026626,2014-07-30T16:35:00Z,1,Model organism or animal,blood,modern,,,,,,,,,blood,Pygoscelis adeliae,uncalculated,uncalculated,Antarctica: Coulman Island,adelie,CLA_18,Seutin buffer,Pygoscelis adeliae,,,,,,,,,,,,,,,,,,,,,,,,,,,
SRR1523852,WGS,199,36760450956,PRJNA210803,SAMN02864193,19140132925,GRIFFITH UNIVERSITY,public,"bam,sra,run.zq","ncbi,gs,s3","s3.us-east-1,gs.US,ncbi.public",SRX660617,Illumina HiSeq 2000,CLA_20,PAIRED,RANDOM,GENOMIC,Pygoscelis adeliae,ILLUMINA,2015-07-09T00:00:00Z,CLA_20,SRP026626,2014-07-30T16:26:00Z,1,Model organism or animal,blood,modern,,,,,,,,,blood,Pygoscelis adeliae,uncalculated,uncalculated,Antarctica: Coulman Island,adelie,CLA_20,Seutin buffer,Pygoscelis adeliae,,,,,,,,,,,,,,,,,,,,,,,,,,,
SRR1523853,WGS,199,29939231310,PRJNA210803,SAMN02864194,14400553125,GRIFFITH UNIVERSITY,public,"run.zq,bam,sra","s3,ncbi,gs","ncbi.public,gs.US,s3.us-east-1",SRX660618,Illumina HiSeq 2000,CLA02_11,PAIRED,RANDOM,GENOMIC,Pygoscelis adeliae,ILLUMINA,2015-07-09T00:00:00Z,CLA02_11,SRP026626,2014-07-30T16:10:00Z,1,Model organism or animal,blood,modern,,,,,,,,,blood,Pygoscelis adeliae,uncalculated,uncalculated,Antarctica: Coulman Island,adelie,CLA02_11,Seutin buffer,Pygoscelis adeliae,,,,,,,,,,,,,,,,,,,,,,,,,,,
SRR1523854,WGS,199,35941593329,PRJNA210803,SAMN02864195,18456387735,GRIFFITH UNIVERSITY,public,"run.zq,bam","gs,ncbi,s3","s3.us-east-1,ncbi.public,gs.US",SRX660619,Illumina HiSeq 2000,CLA02_13,PAIRED,RANDOM,GENOMIC,Pygoscelis adeliae,ILLUMINA,2015-07-09T00:00:00Z,CLA02_13,SRP026626,,,Model organism or animal,blood,modern,,,,,,,,,blood,Pygoscelis adeliae,uncalculated,uncalculated,Antarctica: Coulman Island,adelie,CLA02_13,Seutin buffer,Pygoscelis adeliae,,,,,,,,,,,,,,,,,,,,,,,,,,,
SRR1523879,WGS,184,42593266450,PRJNA210803,SAMN02227982,22202259267,GRIFFITH UNIVERSITY,public,"sra,bam,run.zq","gs,ncbi,s3","gs.US,s3.us-east-1,ncbi.public",SRX660643,Illumina HiSeq 2000,AP4,PAIRED,RANDOM,GENOMIC,Pygoscelis adeliae,ILLUMINA,2015-07-09T00:00:00Z,AP4,SRP026626,2014-07-31T09:40:00Z,1,,,modern,,,,1997-01,,,,,,,uncalculated,uncalculated,Antarctica: Antarctic Peninsula,adelie,AP4.961182.51991,,,,,,,,,from Modern blood sample,,,,,,,,,,,,,,,,,,,,
SRR1523880,WGS,180,33458464625,PRJNA210803,SAMN02227979,17638532011,GRIFFITH UNIVERSITY,public,"sra,bam,run.zq","s3,ncbi,gs","gs.US,ncbi.public,s3.us-east-1",SRX660644,Illumina HiSeq 2000,CA4,PAIRED,RANDOM,GENOMIC,Pygoscelis adeliae,ILLUMINA,2015-07-09T00:00:00Z,CA4,SRP026626,2014-07-31T09:40:00Z,1,,,modern,,,,2000/2001,,,,,,,uncalculated,uncalculated,Antarctica: Cape Adare,adelie,CA4.T403,,,,,,,,,from Modern blood sample,,,,,,,,,,,,,,,,,,,,
SRR1523881,WGS,178,29243921947,PRJNA210803,SAMN02227980,14585729980,GRIFFITH UNIVERSITY,public,"sra,run.zq,bam","s3,gs,ncbi","gs.US,ncbi.public,s3.us-east-1",SRX660645,Illumina HiSeq 2000,CB5,PAIRED,RANDOM,GENOMIC,Pygoscelis adeliae,ILLUMINA,2015-07-09T00:00:00Z,CB5,SRP026626,2014-07-31T09:34:00Z,1,,,modern,,,,2001-11,,,,,,,uncalculated,uncalculated,Antarctica: Cape Bird,adelie,CB5.T527,,,,,,,,,from Modern blood sample,,,,,,,,,,,,,,,,,,,,
SRR1523882,WGS,178,32549177440,PRJNA210803,SAMN02227981,16539590744,GRIFFITH UNIVERSITY,public,"sra,run.zq,bam","gs,ncbi,s3","s3.us-east-1,ncbi.public,gs.US",SRX660646,Illumina HiSeq 2000,II1,PAIRED,RANDOM,GENOMIC,Pygoscelis adeliae,ILLUMINA,2015-07-09T00:00:00Z,II1,SRP026626,2014-07-31T09:38:00Z,1,,,modern,,,,2002/2003,,,,,,,uncalculated,uncalculated,Antarctica: Inexpressible Island,adelie,II1.T1,,,,,,,,,from Modern blood sample,,,,,,,,,,,,,,,,,,,,
